step,type,amount,nameOrig,oldbalanceOrg,newbalanceOrig,nameDest,oldbalanceDest,newbalanceDest,isFraud,isFlaggedFraud
1,CASH_OUT,409331.22,C10_HIGH,11882.71,43322.39,M234,0.0,409331.22,1,0
2,DEBIT,7901.95,C179_LOW,24555.23,16188.57,M278,0.0,0.0,0,0
4,CASH_IN,1276.32,C143_LOW,42675.1,5682.47,M165,0.0,0.0,0,0
6,PAYMENT,7782.39,C14_LOW,51810.56,5452.7,M615,0.0,0.0,0,0
7,TRANSFER,443.22,C81_LOW,78539.47,43349.05,M633,0.0,443.22,0,0
9,PAYMENT,6436.97,C148_LOW,4083.91,49929.34,M967,0.0,0.0,0,0
11,PAYMENT,6864.11,C32_HIGH,49536.62,45485.04,M175,0.0,0.0,0,0
12,DEBIT,6086.89,C16_HIGH,7502.54,13750.8,M748,0.0,0.0,0,0
15,TRANSFER,7124.41,C31_LOW,38709.54,29869.59,M401,0.0,7124.41,0,0
17,TRANSFER,6058.21,C34_LOW,10818.67,35088.97,M973,0.0,6058.21,0,0
20,TRANSFER,7211.19,C29_HIGH,22287.28,22577.75,M333,0.0,7211.19,0,0
22,DEBIT,8275.92,C148_LOW,40474.29,36480.63,M420,0.0,0.0,0,0
24,DEBIT,6654.43,C15_HIGH,38055.8,7631.95,M585,0.0,0.0,0,0
25,CASH_IN,8319.4,C37_HIGH,10229.78,4828.22,M856,0.0,0.0,0,0
27,CASH_OUT,5568.14,C22_HIGH,59060.04,28079.32,M437,0.0,5568.14,0,0
30,CASH_IN,4113.98,C109_LOW,87487.13,47056.49,M533,0.0,0.0,0,0
33,CASH_IN,9684.3,C158_LOW,60440.6,17582.31,M691,0.0,0.0,0,0
36,CASH_OUT,1555.75,C190_LOW,48736.75,42363.74,M458,0.0,1555.75,0,0
39,DEBIT,1157.7,C25_HIGH,28578.25,11307.95,M539,0.0,0.0,0,0
42,TRANSFER,6139.6,C12_HIGH,64627.22,1312.69,M773,0.0,6139.6,0,0
45,DEBIT,299.24,C40_HIGH,28053.77,38120.48,M447,0.0,0.0,0,0
47,CASH_IN,1822.24,C157_LOW,15181.9,32867.23,M171,0.0,0.0,0,0
48,CASH_IN,926.66,C56_LOW,53517.79,18809.72,M564,0.0,0.0,0,0
50,CASH_OUT,3706.83,C128_LOW,72438.0,38841.78,M681,0.0,3706.83,0,0
53,CASH_IN,8834.59,C21_HIGH,16402.41,37721.79,M150,0.0,0.0,0,0
56,CASH_IN,2728.31,C19_HIGH,66531.93,24283.09,M552,0.0,0.0,0,0
58,DEBIT,2163.53,C49_HIGH,51722.28,17258.64,M213,0.0,0.0,0,0
60,TRANSFER,4871.46,C31_HIGH,67046.12,2270.87,M504,0.0,4871.46,0,0
63,CASH_IN,86.79,C18_LOW,30840.52,10561.7,M240,0.0,0.0,0,0
65,DEBIT,3287.94,C32_HIGH,1765.26,37350.71,M279,0.0,0.0,0,0
66,PAYMENT,5330.5,C53_LOW,23780.96,27936.18,M784,0.0,0.0,0,0
68,CASH_IN,3976.74,C17_HIGH,74462.09,21810.98,M570,0.0,0.0,0,0
69,DEBIT,5761.83,C13_HIGH,57766.57,35474.95,M527,0.0,0.0,0,0
71,CASH_IN,4056.27,C115_LOW,96653.77,8593.66,M732,0.0,0.0,0,0
73,DEBIT,890.42,C46_HIGH,84603.95,12165.82,M703,0.0,0.0,0,0
75,TRANSFER,795.68,C7_HIGH,87181.92,37290.24,M326,0.0,795.68,0,0
77,CASH_OUT,773.03,C1_HIGH,63689.24,26530.24,M298,0.0,773.03,0,0
79,DEBIT,7276.52,C114_LOW,82075.91,40751.85,M341,0.0,0.0,0,0
80,CASH_OUT,2567.12,C13_HIGH,18176.4,7643.49,M877,0.0,2567.12,0,0
83,CASH_IN,1779.69,C16_HIGH,77511.96,24705.85,M872,0.0,0.0,0,0
86,TRANSFER,4494.56,C7_HIGH,92491.27,28224.59,M750,0.0,4494.56,0,0
89,DEBIT,8643.83,C4_HIGH,63094.52,7547.87,M169,0.0,0.0,0,0
91,PAYMENT,6317.54,C113_LOW,79836.64,29570.99,M460,0.0,0.0,0,0
94,CASH_IN,3110.97,C13_HIGH,45739.47,2844.5,M951,0.0,0.0,0,0
96,CASH_IN,6450.22,C117_LOW,97759.48,4514.83,M708,0.0,0.0,0,0
99,PAYMENT,4632.49,C3_LOW,55877.32,39590.89,M142,0.0,0.0,0,0
101,TRANSFER,6521.86,C34_HIGH,32831.15,23781.45,M254,0.0,6521.86,0,0
102,PAYMENT,1043.98,C4_LOW,90013.56,17171.89,M831,0.0,0.0,0,0
103,TRANSFER,6464.81,C31_HIGH,4875.07,35381.09,M549,0.0,6464.81,0,0
106,TRANSFER,6101.96,C84_LOW,37025.9,45896.84,M496,0.0,6101.96,0,0
108,DEBIT,6792.19,C165_LOW,6184.19,31544.33,M442,0.0,0.0,0,0
109,DEBIT,954.11,C29_HIGH,68159.56,14207.35,M841,0.0,0.0,0,0
112,TRANSFER,8734.06,C35_HIGH,34002.84,29136.98,M244,0.0,8734.06,0,0
114,DEBIT,9677.29,C28_HIGH,70149.52,19597.9,M709,0.0,0.0,0,0
117,CASH_IN,3102.72,C4_HIGH,38291.25,39583.1,M932,0.0,0.0,0,0
118,TRANSFER,943.6,C42_HIGH,67375.15,25424.42,M118,0.0,943.6,0,0
120,DEBIT,1810.83,C27_HIGH,22205.07,47383.41,M597,0.0,0.0,0,0
121,CASH_OUT,9999.77,C34_HIGH,16339.57,14789.61,M907,0.0,9999.77,0,0
122,TRANSFER,7711.04,C5_HIGH,83676.86,44184.11,M138,0.0,7711.04,0,0
125,DEBIT,8765.16,C38_HIGH,62185.12,29862.32,M257,0.0,0.0,0,0
126,CASH_OUT,8315.14,C12_HIGH,77338.68,40452.19,M269,0.0,8315.14,0,0
129,PAYMENT,446.49,C17_HIGH,37065.64,35979.28,M554,0.0,0.0,0,0
132,DEBIT,7526.39,C34_HIGH,78596.24,11700.15,M344,0.0,0.0,0,0
134,PAYMENT,9040.7,C12_HIGH,20207.6,33915.34,M684,0.0,0.0,0,0
136,PAYMENT,7696.69,C49_HIGH,78034.28,25145.33,M528,0.0,0.0,0,0
137,CASH_OUT,8014.58,C3_HIGH,14701.45,12500.16,M756,0.0,8014.58,0,0
139,DEBIT,5549.86,C42_HIGH,11156.38,42294.61,M971,0.0,0.0,0,0
140,DEBIT,847.91,C20_HIGH,16870.92,22465.96,M625,0.0,0.0,1,0
141,PAYMENT,926.22,C106_LOW,91139.99,40835.16,M457,0.0,0.0,0,0
142,PAYMENT,542.04,C102_LOW,50698.7,11788.9,M183,0.0,0.0,0,0
144,CASH_OUT,291.59,C36_HIGH,93151.76,41958.81,M765,0.0,291.59,0,0
146,CASH_OUT,1384.62,C65_LOW,29401.06,41488.08,M812,0.0,1384.62,0,0
147,PAYMENT,4491.53,C142_LOW,1519.87,3961.29,M362,0.0,0.0,0,0
148,CASH_OUT,5492.55,C43_HIGH,72996.24,26388.58,M213,0.0,5492.55,0,0
150,CASH_OUT,3018.5,C37_HIGH,5727.2,20991.28,M912,0.0,3018.5,0,0
153,PAYMENT,637.44,C57_LOW,83832.08,24991.46,M648,0.0,0.0,0,0
154,TRANSFER,5754.72,C18_HIGH,72135.89,14563.6,M101,0.0,5754.72,0,0
157,DEBIT,2413.24,C87_LOW,42240.19,33218.57,M187,0.0,0.0,0,0
160,DEBIT,686.12,C134_LOW,53079.89,25366.38,M619,0.0,0.0,0,0
163,CASH_IN,3910.63,C199_LOW,47543.37,31783.54,M482,0.0,0.0,0,0
165,CASH_IN,3577.37,C1_HIGH,7688.4,12056.3,M772,0.0,0.0,0,0
168,CASH_IN,7717.3,C22_HIGH,73783.51,16625.93,M145,0.0,0.0,0,0
170,TRANSFER,3392.09,C8_HIGH,64636.77,41519.18,M801,0.0,3392.09,0,0
172,PAYMENT,6321.04,C39_HIGH,81338.27,3155.03,M894,0.0,0.0,0,0
174,CASH_IN,2941.49,C3_HIGH,5336.82,9973.49,M142,0.0,0.0,0,0
176,DEBIT,5158.68,C91_LOW,98923.15,27151.53,M359,0.0,0.0,0,0
177,CASH_OUT,2868.25,C124_LOW,86351.71,2390.2,M771,0.0,2868.25,0,0
179,DEBIT,1253.51,C44_HIGH,37433.9,44474.33,M861,0.0,0.0,0,0
181,PAYMENT,3396.98,C13_HIGH,19494.9,34603.42,M476,0.0,0.0,0,0
184,DEBIT,8013.47,C72_LOW,72981.05,3946.35,M716,0.0,0.0,0,0
185,TRANSFER,2944.73,C9_HIGH,11157.19,16396.0,M402,0.0,2944.73,0,0
187,PAYMENT,6030.19,C38_HIGH,43185.49,34488.24,M459,0.0,0.0,0,0
189,CASH_IN,7270.88,C14_HIGH,91249.12,30742.57,M545,0.0,0.0,0,0
191,CASH_IN,759.66,C0_HIGH,64113.74,18165.56,M920,0.0,0.0,0,0
194,CASH_OUT,9528.37,C26_HIGH,15135.17,30378.65,M900,0.0,9528.37,0,0
196,CASH_IN,1271.04,C80_LOW,24363.54,32258.14,M470,0.0,0.0,0,0
198,TRANSFER,333.53,C34_HIGH,16190.38,22496.13,M479,0.0,333.53,0,0
200,PAYMENT,7633.21,C178_LOW,57818.26,26472.99,M507,0.0,0.0,0,0
202,DEBIT,2503.62,C15_HIGH,12231.41,36783.74,M611,0.0,0.0,0,0
205,PAYMENT,9136.29,C18_HIGH,12658.34,38748.22,M820,0.0,0.0,0,0
207,CASH_OUT,9963.69,C33_HIGH,29272.11,45823.95,M602,0.0,9963.69,0,0
208,CASH_IN,1365.93,C72_LOW,8331.15,8632.82,M830,0.0,0.0,0,0
210,CASH_IN,8107.03,C18_LOW,96788.56,49328.73,M783,0.0,0.0,0,0
212,CASH_IN,5504.47,C46_HIGH,29745.87,14997.83,M261,0.0,0.0,0,0
215,CASH_OUT,7939.03,C22_HIGH,51366.82,6068.12,M305,0.0,7939.03,0,0
216,CASH_OUT,7905.83,C7_HIGH,3602.12,27701.07,M477,0.0,7905.83,0,0
218,TRANSFER,1306.41,C114_LOW,88540.4,3287.41,M507,0.0,1306.41,0,0
221,PAYMENT,5261.7,C136_LOW,77147.29,41166.97,M175,0.0,0.0,0,0
222,DEBIT,6426.96,C139_LOW,45547.48,34005.45,M452,0.0,0.0,0,0
223,TRANSFER,6401.54,C22_HIGH,19014.35,48313.23,M543,0.0,6401.54,0,0
226,CASH_IN,8315.59,C43_HIGH,52292.11,15206.23,M265,0.0,0.0,0,0
228,CASH_OUT,3466.77,C28_LOW,94149.5,44746.3,M966,0.0,3466.77,0,0
229,DEBIT,1971.06,C174_LOW,95678.81,13722.55,M740,0.0,0.0,0,0
231,TRANSFER,5339.45,C78_LOW,50754.74,8431.8,M694,0.0,5339.45,0,0
232,CASH_OUT,6590.74,C1_LOW,72342.64,30256.95,M962,0.0,6590.74,0,0
235,CASH_IN,8254.11,C129_LOW,3808.98,2273.09,M756,0.0,0.0,0,0
238,DEBIT,6514.79,C149_LOW,76928.94,20829.34,M754,0.0,0.0,0,0
239,PAYMENT,8891.08,C184_LOW,55012.17,32095.36,M409,0.0,0.0,0,0
241,CASH_OUT,8048.83,C100_LOW,68814.09,14871.69,M174,0.0,8048.83,0,0
244,CASH_IN,1589.22,C33_HIGH,42146.55,23222.11,M448,0.0,0.0,0,0
247,CASH_OUT,3132.7,C0_HIGH,72117.93,36709.99,M981,0.0,3132.7,0,0
249,PAYMENT,1316.35,C14_HIGH,37683.48,28082.56,M426,0.0,0.0,0,0
250,PAYMENT,1233.99,C63_LOW,45510.01,7043.88,M151,0.0,0.0,0,0
252,PAYMENT,8643.0,C0_HIGH,42395.34,48134.29,M263,0.0,0.0,0,0
254,TRANSFER,7214.07,C14_HIGH,19793.58,7967.12,M627,0.0,7214.07,0,0
256,PAYMENT,8791.97,C147_LOW,50239.66,4502.45,M502,0.0,0.0,0,0
259,PAYMENT,9667.2,C44_LOW,22299.3,17644.75,M151,0.0,0.0,0,0
261,PAYMENT,5979.21,C62_LOW,84442.12,33626.03,M392,0.0,0.0,0,0
264,CASH_IN,8473.25,C40_HIGH,43661.85,44122.79,M844,0.0,0.0,0,0
266,PAYMENT,3665.71,C120_LOW,40657.58,28514.08,M299,0.0,0.0,0,0
268,TRANSFER,2893.13,C98_LOW,39248.53,22517.72,M663,0.0,2893.13,0,0
270,TRANSFER,6807.18,C177_LOW,12762.29,48754.14,M503,0.0,6807.18,0,0
272,DEBIT,5582.74,C105_LOW,37195.03,7213.37,M716,0.0,0.0,0,0
275,PAYMENT,5005.78,C77_LOW,5485.03,6851.82,M441,0.0,0.0,0,0
277,TRANSFER,4575.32,C91_LOW,61019.79,25775.29,M435,0.0,4575.32,0,0
280,DEBIT,1633.4,C23_HIGH,99070.96,36965.97,M406,0.0,0.0,0,0
283,DEBIT,5078.08,C31_HIGH,51461.7,24492.33,M676,0.0,0.0,0,0
285,PAYMENT,8159.33,C101_LOW,37467.42,33690.32,M526,0.0,0.0,0,0
288,DEBIT,7969.58,C26_LOW,72807.1,34402.18,M127,0.0,0.0,0,0
291,PAYMENT,2662.65,C164_LOW,65903.51,48602.84,M692,0.0,0.0,0,0
294,CASH_OUT,7216.79,C33_HIGH,58768.8,8525.6,M744,0.0,7216.79,0,0
297,TRANSFER,7748.32,C139_LOW,38638.84,41083.06,M348,0.0,7748.32,0,0
298,TRANSFER,9482.57,C8_HIGH,11879.66,946.87,M421,0.0,9482.57,0,0
300,CASH_OUT,4135.47,C12_HIGH,21185.28,25090.98,M726,0.0,4135.47,0,0
302,CASH_IN,7060.69,C58_LOW,52349.64,28044.34,M778,0.0,0.0,0,0
304,TRANSFER,3774.48,C46_LOW,95711.86,22983.18,M645,0.0,3774.48,0,0
306,TRANSFER,3549.33,C171_LOW,77426.99,36046.23,M758,0.0,3549.33,0,0
309,DEBIT,6104.67,C88_LOW,20034.15,12325.96,M671,0.0,0.0,0,0
311,CASH_OUT,9415.44,C33_LOW,98243.77,38558.71,M821,0.0,9415.44,0,0
312,PAYMENT,3177.24,C48_HIGH,35531.51,46685.02,M914,0.0,0.0,0,0
315,DEBIT,2885.02,C6_HIGH,57774.2,27159.54,M504,0.0,0.0,0,0
317,CASH_OUT,2911.62,C49_LOW,29475.4,35707.06,M454,0.0,2911.62,0,0
319,DEBIT,7475.91,C37_HIGH,22184.69,41397.59,M377,0.0,0.0,0,0
322,DEBIT,1381.36,C4_HIGH,61952.03,29341.52,M348,0.0,0.0,0,0
323,TRANSFER,2264.46,C155_LOW,24050.82,5009.9,M438,0.0,2264.46,0,0
326,PAYMENT,1014.44,C106_LOW,77305.84,259.07,M663,0.0,0.0,0,0
327,PAYMENT,6532.4,C51_LOW,88184.1,23784.98,M766,0.0,0.0,0,0
328,DEBIT,3218.47,C21_HIGH,64943.89,45396.85,M191,0.0,0.0,0,0
331,TRANSFER,2329.88,C28_HIGH,74129.97,42516.66,M138,0.0,2329.88,0,0
332,PAYMENT,8823.63,C111_LOW,18403.08,45981.74,M956,0.0,0.0,0,0
334,PAYMENT,1871.25,C11_LOW,75151.32,43614.53,M396,0.0,0.0,0,0
335,CASH_IN,2990.94,C13_LOW,60675.51,46422.74,M443,0.0,0.0,0,0
337,PAYMENT,9891.1,C19_HIGH,54786.75,24695.62,M237,0.0,0.0,0,0
340,PAYMENT,2735.64,C51_LOW,81072.57,16534.2,M848,0.0,0.0,0,0
342,DEBIT,7188.8,C71_LOW,2394.34,16855.61,M402,0.0,0.0,0,0
345,CASH_OUT,1763.19,C69_LOW,85758.5,44852.14,M946,0.0,1763.19,0,0
347,TRANSFER,3285.99,C123_LOW,40682.49,4769.26,M243,0.0,3285.99,0,0
349,DEBIT,9358.9,C48_HIGH,1676.18,19178.72,M557,0.0,0.0,0,0
351,DEBIT,3026.44,C24_HIGH,72565.37,571.79,M769,0.0,0.0,0,0
353,CASH_OUT,630.62,C7_HIGH,12704.26,15340.32,M515,0.0,630.62,0,0
356,TRANSFER,9231.83,C12_HIGH,88892.34,38492.05,M806,0.0,9231.83,0,0
357,DEBIT,3681.76,C48_HIGH,22864.07,47868.03,M589,0.0,0.0,0,0
358,PAYMENT,7479.87,C30_LOW,60968.16,20792.28,M662,0.0,0.0,0,0
360,TRANSFER,8021.93,C7_HIGH,82734.75,38092.98,M796,0.0,8021.93,0,0
363,CASH_IN,5259.81,C24_HIGH,53289.14,18089.24,M677,0.0,0.0,0,0
364,CASH_IN,8289.45,C193_LOW,90385.93,10107.84,M649,0.0,0.0,0,0
365,CASH_OUT,3287.9,C42_HIGH,52513.81,5812.0,M310,0.0,3287.9,0,0
368,TRANSFER,4893.39,C23_HIGH,89990.05,22274.13,M156,0.0,4893.39,0,0
370,CASH_OUT,5137.35,C32_HIGH,46223.05,2886.84,M573,0.0,5137.35,0,0
373,DEBIT,7235.57,C43_LOW,40198.92,40822.66,M863,0.0,0.0,0,0
374,TRANSFER,739.56,C32_HIGH,42946.04,35019.24,M654,0.0,739.56,0,0
375,CASH_IN,9861.51,C48_HIGH,47735.05,14354.54,M284,0.0,0.0,0,0
376,PAYMENT,3750.86,C18_HIGH,89242.03,22426.86,M486,0.0,0.0,0,0
378,CASH_IN,6830.48,C40_HIGH,66517.46,26965.01,M769,0.0,0.0,0,0
380,CASH_IN,1792.95,C110_LOW,54188.59,26442.13,M845,0.0,0.0,0,0
381,CASH_IN,7564.23,C40_HIGH,97870.58,23150.2,M836,0.0,0.0,0,0
384,PAYMENT,5324.02,C38_HIGH,82512.68,12375.6,M454,0.0,0.0,0,0
385,DEBIT,1892.92,C20_LOW,87645.61,38274.5,M132,0.0,0.0,0,0
388,PAYMENT,6153.08,C2_HIGH,93687.56,44452.07,M346,0.0,0.0,0,0
389,CASH_IN,1017.96,C48_HIGH,4324.05,29889.24,M820,0.0,0.0,0,0
390,CASH_OUT,7408.01,C42_HIGH,40824.27,11716.96,M322,0.0,7408.01,0,0
391,CASH_OUT,5043.92,C4_HIGH,29637.08,40789.31,M849,0.0,5043.92,0,0
394,DEBIT,5778.97,C127_LOW,77481.28,40919.12,M342,0.0,0.0,0,0
396,CASH_OUT,9857.1,C192_LOW,52603.85,20678.01,M381,0.0,9857.1,0,0
397,TRANSFER,9485.72,C33_LOW,88091.68,45578.88,M741,0.0,9485.72,0,0
400,PAYMENT,5562.95,C51_LOW,5641.53,17220.74,M758,0.0,0.0,0,0
403,PAYMENT,7860.19,C31_LOW,32554.71,20816.23,M252,0.0,0.0,0,0
405,PAYMENT,1846.95,C10_HIGH,54254.9,12048.41,M330,0.0,0.0,1,0
407,CASH_OUT,8059.7,C150_LOW,91559.38,28119.3,M526,0.0,8059.7,0,0
410,TRANSFER,1349.59,C191_LOW,25042.99,10166.84,M762,0.0,1349.59,0,0
411,PAYMENT,8472.86,C146_LOW,10153.94,36229.24,M295,0.0,0.0,0,0
412,DEBIT,3777.91,C54_LOW,60891.98,1977.38,M174,0.0,0.0,0,0
413,TRANSFER,7245.81,C30_HIGH,56326.2,23969.71,M990,0.0,7245.81,0,0
415,DEBIT,9570.63,C160_LOW,2518.04,46857.99,M859,0.0,0.0,0,0
416,PAYMENT,9145.27,C2_HIGH,69867.0,35188.43,M506,0.0,0.0,0,0
417,TRANSFER,3222.93,C44_HIGH,29022.86,23312.52,M764,0.0,3222.93,0,0
419,DEBIT,2623.0,C1_LOW,51768.84,24863.86,M200,0.0,0.0,0,0
422,PAYMENT,7618.67,C0_LOW,32703.1,10156.37,M420,0.0,0.0,0,0
424,CASH_IN,5629.62,C2_HIGH,22906.14,7296.14,M367,0.0,0.0,0,0
427,TRANSFER,5795.64,C39_HIGH,42340.23,7620.57,M437,0.0,5795.64,0,0
428,PAYMENT,5702.2,C163_LOW,25327.27,27532.13,M801,0.0,0.0,0,0
430,DEBIT,7635.97,C35_HIGH,49373.49,36177.9,M857,0.0,0.0,0,0
432,PAYMENT,1690.65,C10_HIGH,79702.58,8463.29,M837,0.0,0.0,1,0
435,PAYMENT,1848.64,C41_HIGH,89047.09,49516.18,M160,0.0,0.0,0,0
438,CASH_IN,8392.29,C37_HIGH,8358.71,40899.8,M149,0.0,0.0,0,0
439,PAYMENT,1383.54,C10_HIGH,63439.46,3398.4,M254,0.0,0.0,1,0
440,CASH_OUT,5062.27,C86_LOW,37946.87,30891.76,M782,0.0,5062.27,0,0
443,PAYMENT,6596.25,C41_HIGH,2557.44,26610.62,M521,0.0,0.0,0,0
444,CASH_IN,5298.88,C20_HIGH,28199.33,48873.97,M117,0.0,0.0,1,0
447,PAYMENT,8063.62,C3_LOW,91067.56,5350.82,M198,0.0,0.0,0,0
450,CASH_OUT,2417.28,C26_HIGH,62358.3,12620.91,M462,0.0,2417.28,0,0
452,PAYMENT,799.4,C2_LOW,95970.48,22949.89,M349,0.0,0.0,0,0
455,CASH_OUT,3006.75,C11_HIGH,82978.15,4030.85,M978,0.0,3006.75,0,0
458,CASH_IN,944.07,C122_LOW,38547.14,27635.07,M157,0.0,0.0,0,0
461,CASH_IN,7031.42,C47_HIGH,9185.93,42266.49,M760,0.0,0.0,0,0
463,TRANSFER,9773.52,C27_HIGH,97410.13,44739.56,M143,0.0,9773.52,0,0
464,CASH_OUT,9013.72,C95_LOW,69536.48,28339.21,M377,0.0,9013.72,0,0
465,CASH_IN,6847.44,C13_HIGH,28756.93,27151.53,M773,0.0,0.0,0,0
466,CASH_OUT,9288.38,C162_LOW,32133.98,48073.46,M701,0.0,9288.38,0,0
467,PAYMENT,9289.46,C105_LOW,30628.41,28197.91,M680,0.0,0.0,0,0
469,TRANSFER,3323.98,C26_HIGH,75805.32,6997.53,M805,0.0,3323.98,0,0
472,CASH_IN,5012.92,C66_LOW,97458.01,2684.82,M547,0.0,0.0,0,0
473,CASH_IN,3412.52,C28_HIGH,77131.56,47742.92,M506,0.0,0.0,0,0
475,CASH_IN,6344.89,C42_LOW,78571.27,22527.51,M333,0.0,0.0,0,0
477,TRANSFER,9412.02,C145_LOW,43752.95,33984.74,M776,0.0,9412.02,0,0
479,CASH_IN,7723.95,C64_LOW,30242.57,12322.49,M175,0.0,0.0,0,0
480,DEBIT,1550.67,C144_LOW,71456.04,31695.04,M857,0.0,0.0,0,0
482,DEBIT,3613.4,C28_HIGH,10060.52,47148.01,M555,0.0,0.0,0,0
484,DEBIT,1031.29,C26_HIGH,9642.43,21548.98,M670,0.0,0.0,0,0
487,TRANSFER,4086.36,C35_HIGH,3599.93,17695.71,M195,0.0,4086.36,0,0
490,TRANSFER,7846.54,C27_LOW,86508.1,617.03,M523,0.0,7846.54,0,0
492,CASH_IN,7251.19,C18_HIGH,56394.12,49636.51,M348,0.0,0.0,0,0
495,TRANSFER,1704.13,C168_LOW,38692.47,6942.0,M408,0.0,1704.13,0,0
497,PAYMENT,1467.89,C144_LOW,17553.53,13798.09,M406,0.0,0.0,0,0
499,CASH_IN,3617.64,C19_LOW,94478.01,36044.97,M607,0.0,0.0,0,0
502,TRANSFER,1963.53,C9_HIGH,11590.26,15232.9,M505,0.0,1963.53,0,0
504,TRANSFER,3805.1,C7_HIGH,86357.63,22011.15,M540,0.0,3805.1,0,0
507,TRANSFER,1369.88,C4_HIGH,32745.85,47363.95,M305,0.0,1369.88,0,0
509,DEBIT,1784.6,C48_HIGH,40425.72,15956.88,M852,0.0,0.0,0,0
512,PAYMENT,9677.95,C132_LOW,78415.46,16294.31,M387,0.0,0.0,0,0
514,DEBIT,1147.74,C183_LOW,56821.2,29611.35,M658,0.0,0.0,0,0
515,TRANSFER,278.89,C29_HIGH,72994.12,47148.75,M314,0.0,278.89,0,0
517,DEBIT,8314.51,C10_HIGH,7846.71,42389.4,M914,0.0,0.0,1,0
519,PAYMENT,1400.4,C194_LOW,30980.43,12634.08,M257,0.0,0.0,0,0
522,PAYMENT,7892.88,C170_LOW,8322.55,49535.03,M590,0.0,0.0,0,0
525,PAYMENT,5348.33,C8_HIGH,92426.08,43481.69,M528,0.0,0.0,0,0
528,CASH_IN,7909.3,C39_HIGH,36593.42,44775.08,M649,0.0,0.0,0,0
531,CASH_IN,1102.6,C55_LOW,25574.87,33234.69,M270,0.0,0.0,0,0
534,TRANSFER,452.52,C3_HIGH,98377.21,33873.59,M509,0.0,452.52,0,0
536,PAYMENT,1068.39,C61_LOW,10762.05,11100.05,M864,0.0,0.0,0,0
539,TRANSFER,5809.38,C37_HIGH,57948.3,22288.93,M500,0.0,5809.38,0,0
541,TRANSFER,6907.47,C0_HIGH,15923.75,49885.14,M594,0.0,6907.47,0,0
542,DEBIT,4165.59,C125_LOW,96211.06,5803.47,M847,0.0,0.0,0,0
543,DEBIT,3125.78,C149_LOW,46077.93,10343.37,M594,0.0,0.0,0,0
545,PAYMENT,985.25,C35_HIGH,72477.4,22622.36,M168,0.0,0.0,0,0
547,CASH_IN,8103.76,C37_LOW,12393.44,42459.0,M763,0.0,0.0,0,0
548,CASH_OUT,9299.93,C46_HIGH,74308.46,25799.7,M665,0.0,9299.93,0,0
549,DEBIT,5602.89,C38_HIGH,95887.8,11592.78,M514,0.0,0.0,0,0
552,CASH_OUT,1872.01,C183_LOW,66073.48,19779.12,M855,0.0,1872.01,0,0
555,CASH_OUT,4501.25,C33_HIGH,43525.73,222.5,M319,0.0,4501.25,0,0
556,DEBIT,7525.73,C22_LOW,81064.25,3128.19,M204,0.0,0.0,0,0
559,CASH_OUT,3664.27,C21_HIGH,20510.35,5697.75,M786,0.0,3664.27,0,0
561,TRANSFER,9659.5,C14_HIGH,32027.01,19431.96,M501,0.0,9659.5,0,0
564,CASH_IN,3485.77,C192_LOW,84706.26,30868.13,M933,0.0,0.0,0,0
567,DEBIT,9187.64,C21_HIGH,59426.67,33605.5,M420,0.0,0.0,0,0
568,CASH_OUT,3060.75,C81_LOW,19121.41,34671.83,M623,0.0,3060.75,0,0
570,PAYMENT,5968.29,C33_HIGH,57905.8,21151.94,M598,0.0,0.0,0,0
573,TRANSFER,6937.39,C42_HIGH,64880.75,49994.98,M668,0.0,6937.39,0,0
574,PAYMENT,2895.46,C42_LOW,19522.76,42099.26,M734,0.0,0.0,0,0
575,DEBIT,9518.9,C16_LOW,48976.28,9756.42,M493,0.0,0.0,0,0
578,TRANSFER,6534.17,C40_HIGH,41504.3,24586.29,M827,0.0,6534.17,0,0
580,PAYMENT,1680.86,C22_HIGH,56974.38,39794.04,M325,0.0,0.0,0,0
582,CASH_IN,2755.78,C44_HIGH,54223.25,8410.45,M568,0.0,0.0,0,0
585,PAYMENT,5501.76,C69_LOW,12207.89,5710.33,M893,0.0,0.0,0,0
588,DEBIT,5425.01,C15_HIGH,75921.84,38000.21,M551,0.0,0.0,0,0
591,CASH_OUT,9897.86,C135_LOW,11139.23,41503.54,M869,0.0,9897.86,0,0
592,DEBIT,8749.35,C6_HIGH,4190.81,13140.76,M982,0.0,0.0,0,0
593,PAYMENT,8654.25,C138_LOW,12621.22,40594.45,M314,0.0,0.0,0,0
596,TRANSFER,6894.44,C103_LOW,86243.82,30513.09,M538,0.0,6894.44,0,0
597,TRANSFER,1400.96,C175_LOW,21455.35,10347.14,M160,0.0,1400.96,0,0
600,DEBIT,5327.49,C0_LOW,60088.91,8418.87,M820,0.0,0.0,0,0
602,DEBIT,5731.63,C15_HIGH,95287.34,25720.75,M795,0.0,0.0,0,0
603,CASH_OUT,9628.09,C5_HIGH,78783.41,45938.44,M383,0.0,9628.09,0,0
606,CASH_OUT,7017.25,C26_HIGH,14136.39,7312.17,M429,0.0,7017.25,0,0
607,PAYMENT,4899.69,C7_HIGH,58165.13,13435.86,M524,0.0,0.0,0,0
609,PAYMENT,764.41,C67_LOW,79665.26,38444.21,M512,0.0,0.0,0,0
612,DEBIT,6950.09,C172_LOW,87854.42,22734.78,M599,0.0,0.0,0,0
614,TRANSFER,34.71,C183_LOW,77639.39,36636.2,M848,0.0,34.71,0,0
616,DEBIT,8502.56,C175_LOW,79772.11,19885.79,M539,0.0,0.0,0,0
617,PAYMENT,2692.68,C46_HIGH,83006.02,16887.76,M691,0.0,0.0,0,0
618,TRANSFER,8525.7,C90_LOW,79042.06,44707.73,M880,0.0,8525.7,0,0
619,CASH_IN,1004.75,C191_LOW,78605.09,22979.09,M227,0.0,0.0,0,0
620,PAYMENT,4570.62,C20_HIGH,99191.99,21389.97,M805,0.0,0.0,1,0
621,DEBIT,1598.18,C47_HIGH,93339.83,13700.97,M770,0.0,0.0,0,0
623,DEBIT,833.38,C9_HIGH,66786.37,32445.56,M153,0.0,0.0,0,0
625,DEBIT,7262.62,C24_HIGH,75767.98,21461.55,M193,0.0,0.0,0,0
628,CASH_IN,20.85,C12_HIGH,48203.86,6634.99,M331,0.0,0.0,0,0
631,PAYMENT,102.78,C89_LOW,69864.11,40855.45,M980,0.0,0.0,0,0
633,CASH_OUT,4782.23,C35_HIGH,23665.74,4466.55,M925,0.0,4782.23,0,0
634,CASH_IN,3140.38,C19_HIGH,88217.91,6856.46,M892,0.0,0.0,0,0
635,CASH_OUT,693.43,C24_HIGH,56765.83,30515.96,M268,0.0,693.43,0,0
637,DEBIT,7227.1,C20_HIGH,63179.92,7568.71,M521,0.0,0.0,1,0
640,PAYMENT,8601.03,C47_HIGH,9582.12,5023.26,M870,0.0,0.0,0,0
641,TRANSFER,7302.79,C6_HIGH,35802.03,21469.44,M910,0.0,7302.79,0,0
642,CASH_OUT,2776.91,C181_LOW,9340.62,27669.83,M714,0.0,2776.91,0,0
645,TRANSFER,2856.36,C5_HIGH,94186.65,1341.22,M967,0.0,2856.36,0,0
648,DEBIT,2062.4,C73_LOW,61085.76,9432.33,M501,0.0,0.0,0,0
650,CASH_IN,7840.18,C7_LOW,79584.03,11967.05,M495,0.0,0.0,0,0
651,CASH_OUT,5000.83,C41_HIGH,59799.05,26414.33,M112,0.0,5000.83,0,0
653,DEBIT,1328.51,C41_HIGH,86220.59,28419.02,M474,0.0,0.0,0,0
656,CASH_OUT,7629.63,C68_LOW,95490.85,38518.35,M117,0.0,7629.63,0,0
659,CASH_IN,147.8,C12_HIGH,22358.55,46128.96,M908,0.0,0.0,0,0
661,TRANSFER,2872.01,C130_LOW,71550.28,38355.5,M533,0.0,2872.01,0,0
664,PAYMENT,833.45,C6_HIGH,54119.92,30802.35,M384,0.0,0.0,0,0
665,DEBIT,799.43,C54_LOW,92171.56,48715.67,M259,0.0,0.0,0,0
668,DEBIT,3913.41,C28_HIGH,63795.13,41726.32,M797,0.0,0.0,0,0
671,CASH_IN,3108.59,C10_HIGH,44311.12,47671.4,M344,0.0,0.0,1,0
672,CASH_OUT,871.27,C35_LOW,44013.88,22668.59,M723,0.0,871.27,0,0
673,DEBIT,6664.13,C156_LOW,66147.18,8782.3,M112,0.0,0.0,0,0
676,CASH_OUT,7017.98,C83_LOW,17219.43,47650.81,M635,0.0,7017.98,0,0
679,DEBIT,1677.96,C170_LOW,13566.13,39056.2,M375,0.0,0.0,0,0
682,CASH_IN,7716.59,C8_HIGH,3906.27,40355.39,M378,0.0,0.0,0,0
685,CASH_IN,2636.87,C48_HIGH,97530.01,31376.64,M608,0.0,0.0,0,0
687,TRANSFER,3607.64,C48_LOW,50461.39,28344.31,M476,0.0,3607.64,0,0
688,DEBIT,7735.56,C108_LOW,89532.57,33706.02,M218,0.0,0.0,0,0
689,TRANSFER,35.66,C9_HIGH,86010.21,614.4,M147,0.0,35.66,0,0
691,DEBIT,3835.96,C115_LOW,15858.38,46558.0,M978,0.0,0.0,0,0
692,TRANSFER,8033.12,C33_HIGH,71688.06,32785.16,M329,0.0,8033.12,0,0
694,CASH_OUT,4168.4,C44_HIGH,72308.5,13562.9,M179,0.0,4168.4,0,0
697,DEBIT,1202.82,C113_LOW,67659.25,2633.61,M328,0.0,0.0,0,0
700,CASH_IN,9541.25,C23_HIGH,7823.72,23254.71,M389,0.0,0.0,0,0
702,DEBIT,872.99,C12_HIGH,46217.87,18445.97,M398,0.0,0.0,0,0
705,DEBIT,7398.36,C49_HIGH,25015.82,18413.68,M605,0.0,0.0,0,0
706,TRANSFER,7607.22,C43_HIGH,25267.56,318.89,M519,0.0,7607.22,0,0
707,CASH_OUT,5420.04,C155_LOW,63958.24,34673.04,M109,0.0,5420.04,0,0
709,CASH_IN,7591.7,C17_HIGH,38251.21,36904.13,M414,0.0,0.0,0,0
710,CASH_OUT,5302.85,C116_LOW,24578.59,24601.44,M161,0.0,5302.85,0,0
711,DEBIT,939.34,C198_LOW,92206.17,44864.37,M632,0.0,0.0,0,0
713,DEBIT,4590.0,C55_LOW,75042.04,29038.53,M617,0.0,0.0,0,0
714,PAYMENT,757.56,C9_HIGH,57214.25,21749.14,M233,0.0,0.0,0,0
715,DEBIT,2617.3,C45_HIGH,32185.88,40040.84,M817,0.0,0.0,0,0
718,DEBIT,3187.4,C194_LOW,27923.63,3734.37,M307,0.0,0.0,0,0
719,TRANSFER,1098.64,C8_LOW,11460.12,22478.34,M421,0.0,1098.64,0,0
721,CASH_IN,5363.89,C11_HIGH,96498.84,10381.81,M415,0.0,0.0,0,0
723,DEBIT,8526.3,C35_HIGH,9951.67,40379.85,M411,0.0,0.0,0,0
726,TRANSFER,426166.14,C10_HIGH,33451.57,4560.65,M354,0.0,426166.14,1,0
728,PAYMENT,5139.46,C78_LOW,68041.15,13008.34,M278,0.0,0.0,0,0
729,PAYMENT,8547.47,C11_HIGH,56039.42,27506.04,M196,0.0,0.0,0,0
731,CASH_IN,8040.93,C0_HIGH,14839.51,597.85,M950,0.0,0.0,0,0
732,CASH_OUT,1989.35,C9_LOW,40657.6,34314.26,M760,0.0,1989.35,0,0
733,TRANSFER,5865.33,C24_HIGH,91825.43,3749.36,M166,0.0,5865.33,0,0
734,PAYMENT,8094.89,C167_LOW,10105.89,42363.77,M928,0.0,0.0,0,0
736,CASH_IN,436.54,C81_LOW,46638.5,8399.46,M687,0.0,0.0,0,0
738,PAYMENT,4966.3,C13_HIGH,38890.21,21333.2,M462,0.0,0.0,0,0
739,CASH_OUT,2757.07,C27_HIGH,45155.13,7431.57,M728,0.0,2757.07,0,0
742,TRANSFER,2465.39,C9_HIGH,30215.41,20599.61,M663,0.0,2465.39,0,0
744,CASH_IN,886.34,C132_LOW,38918.51,20961.74,M758,0.0,0.0,0,0
747,CASH_OUT,6311.24,C162_LOW,80414.64,39742.31,M491,0.0,6311.24,0,0
750,DEBIT,4802.05,C28_LOW,78362.08,17201.71,M679,0.0,0.0,0,0
753,DEBIT,3889.93,C55_LOW,18801.77,15943.88,M324,0.0,0.0,0,0
754,DEBIT,595.33,C96_LOW,99161.6,26471.61,M885,0.0,0.0,0,0
757,CASH_OUT,9740.06,C18_HIGH,10913.3,32843.22,M372,0.0,9740.06,0,0
760,CASH_IN,7642.86,C115_LOW,94832.45,28784.61,M916,0.0,0.0,0,0
762,DEBIT,9352.71,C5_HIGH,99162.65,8685.6,M342,0.0,0.0,0,0
765,DEBIT,8064.04,C154_LOW,70065.03,45699.0,M128,0.0,0.0,0,0
768,DEBIT,9476.11,C34_HIGH,56797.04,28155.44,M292,0.0,0.0,0,0
770,TRANSFER,3097.44,C174_LOW,49553.21,4512.87,M338,0.0,3097.44,0,0
773,CASH_OUT,209.08,C0_HIGH,48320.91,16586.7,M728,0.0,209.08,0,0
774,CASH_OUT,3414.18,C52_LOW,18568.53,40121.22,M989,0.0,3414.18,0,0
776,CASH_IN,228.91,C18_HIGH,59074.31,45861.21,M892,0.0,0.0,0,0
777,TRANSFER,8608.09,C20_LOW,96095.32,18679.54,M778,0.0,8608.09,0,0
779,TRANSFER,1019.31,C48_LOW,30874.75,6822.58,M261,0.0,1019.31,0,0
782,PAYMENT,7920.51,C20_HIGH,96105.55,32459.01,M278,0.0,0.0,1,0
785,TRANSFER,6938.67,C121_LOW,92955.68,39349.59,M328,0.0,6938.67,0,0
788,TRANSFER,220272.85,C20_HIGH,73665.5,14725.86,M281,0.0,220272.85,1,0
791,CASH_IN,9488.39,C62_LOW,94921.12,19580.07,M889,0.0,0.0,0,0
794,CASH_IN,1829.0,C88_LOW,32503.47,40440.35,M726,0.0,0.0,0,0
795,TRANSFER,1050.06,C26_HIGH,50122.32,16558.42,M179,0.0,1050.06,0,0
796,DEBIT,9823.97,C99_LOW,17620.85,44266.01,M190,0.0,0.0,0,0
799,DEBIT,4471.83,C16_HIGH,27256.03,12477.04,M169,0.0,0.0,0,0
801,DEBIT,7872.33,C25_HIGH,72320.95,2407.37,M548,0.0,0.0,0,0
804,PAYMENT,9691.33,C73_LOW,88570.65,24654.1,M487,0.0,0.0,0,0
806,TRANSFER,3759.72,C89_LOW,83051.89,39436.5,M691,0.0,3759.72,0,0
809,CASH_OUT,1634.94,C42_HIGH,8297.23,42288.12,M401,0.0,1634.94,0,0
810,DEBIT,2618.67,C140_LOW,11367.78,17090.41,M484,0.0,0.0,0,0
811,CASH_IN,5474.99,C92_LOW,89914.29,4655.23,M708,0.0,0.0,0,0
814,PAYMENT,7048.0,C128_LOW,43701.01,32681.76,M721,0.0,0.0,0,0
816,CASH_OUT,545.02,C37_LOW,33778.36,48719.92,M519,0.0,545.02,0,0
819,TRANSFER,7223.16,C23_HIGH,73267.43,13263.24,M388,0.0,7223.16,0,0
821,CASH_OUT,968.2,C39_HIGH,39897.32,27483.13,M602,0.0,968.2,0,0
822,CASH_IN,3614.68,C37_HIGH,43332.99,14727.47,M777,0.0,0.0,0,0
825,TRANSFER,4808.48,C4_HIGH,10601.7,10347.65,M753,0.0,4808.48,0,0
827,CASH_IN,4740.97,C19_HIGH,12435.38,39243.83,M582,0.0,0.0,0,0
829,DEBIT,920.46,C45_HIGH,54868.48,9244.06,M490,0.0,0.0,0,0
831,CASH_OUT,4463.29,C37_HIGH,27066.3,23252.9,M331,0.0,4463.29,0,0
833,TRANSFER,625.78,C8_HIGH,75471.28,33373.42,M187,0.0,625.78,0,0
836,DEBIT,8083.72,C188_LOW,41984.68,37822.84,M332,0.0,0.0,0,0
839,CASH_IN,8409.56,C45_HIGH,82022.12,20931.6,M648,0.0,0.0,0,0
842,PAYMENT,5731.42,C0_HIGH,24328.56,14942.61,M504,0.0,0.0,0,0
845,CASH_IN,5025.99,C44_HIGH,90145.05,40022.52,M793,0.0,0.0,0,0
848,CASH_OUT,1211.62,C47_HIGH,75961.69,8643.95,M271,0.0,1211.62,0,0
849,CASH_OUT,1270.6,C38_LOW,42914.12,49414.0,M545,0.0,1270.6,0,0
850,CASH_OUT,8342.74,C57_LOW,26530.75,45540.22,M926,0.0,8342.74,0,0
851,CASH_IN,3887.11,C169_LOW,40338.14,16306.34,M382,0.0,0.0,0,0
854,PAYMENT,9172.45,C28_HIGH,2224.02,35020.61,M701,0.0,0.0,0,0
857,PAYMENT,1134.06,C44_HIGH,15814.59,28329.7,M696,0.0,0.0,0,0
858,CASH_IN,5631.21,C15_HIGH,10998.05,14304.64,M648,0.0,0.0,0,0
860,PAYMENT,2648.72,C26_HIGH,65823.98,28601.16,M584,0.0,0.0,0,0
861,CASH_OUT,2761.39,C172_LOW,15241.41,30432.76,M810,0.0,2761.39,0,0
863,CASH_IN,3963.97,C141_LOW,88016.81,34525.69,M150,0.0,0.0,0,0
866,PAYMENT,9209.14,C6_HIGH,89806.1,1011.64,M937,0.0,0.0,0,0
868,DEBIT,2810.66,C42_HIGH,49670.3,34809.14,M200,0.0,0.0,0,0
869,CASH_OUT,3011.8,C15_LOW,74628.64,38701.55,M428,0.0,3011.8,0,0
871,PAYMENT,6053.74,C2_HIGH,9839.4,22085.83,M943,0.0,0.0,0,0
873,PAYMENT,7597.34,C24_HIGH,86851.71,41050.87,M627,0.0,0.0,0,0
874,CASH_IN,3118.12,C6_HIGH,51172.73,6782.49,M971,0.0,0.0,0,0
877,TRANSFER,299.19,C146_LOW,20083.58,41646.5,M957,0.0,299.19,0,0
878,CASH_OUT,340.38,C134_LOW,6005.37,18018.75,M303,0.0,340.38,0,0
880,DEBIT,8236.83,C37_HIGH,51007.51,31770.49,M226,0.0,0.0,0,0
883,CASH_IN,2426.96,C190_LOW,49389.89,22305.17,M991,0.0,0.0,0,0
885,TRANSFER,5517.82,C48_LOW,35080.65,41882.69,M364,0.0,5517.82,0,0
888,CASH_IN,2857.84,C39_HIGH,39270.0,8145.37,M685,0.0,0.0,0,0
889,CASH_OUT,6477.33,C1_HIGH,68091.83,13454.18,M519,0.0,6477.33,0,0
892,CASH_IN,8647.65,C31_HIGH,96746.7,34109.99,M585,0.0,0.0,0,0
893,CASH_OUT,6015.41,C108_LOW,1837.91,12619.52,M924,0.0,6015.41,0,0
895,DEBIT,4243.83,C3_HIGH,38271.07,17435.46,M358,0.0,0.0,0,0
896,PAYMENT,3028.43,C8_LOW,52543.15,31180.3,M698,0.0,0.0,0,0
897,CASH_IN,5120.02,C33_HIGH,66573.19,42164.2,M483,0.0,0.0,0,0
900,TRANSFER,6094.41,C24_HIGH,30549.12,5405.23,M165,0.0,6094.41,0,0
902,DEBIT,6409.54,C7_HIGH,86287.67,13057.35,M828,0.0,0.0,0,0
905,DEBIT,1891.72,C129_LOW,52212.06,12015.1,M158,0.0,0.0,0,0
908,PAYMENT,6608.7,C34_HIGH,68394.82,36064.16,M771,0.0,0.0,0,0
910,DEBIT,2601.67,C28_HIGH,42438.0,19413.75,M136,0.0,0.0,0,0
913,TRANSFER,8161.99,C13_HIGH,34973.54,35668.46,M802,0.0,8161.99,0,0
916,PAYMENT,9066.2,C22_HIGH,67514.98,25365.74,M965,0.0,0.0,0,0
917,TRANSFER,1819.55,C23_HIGH,10662.7,6397.21,M364,0.0,1819.55,0,0
920,TRANSFER,7631.55,C180_LOW,19123.77,33985.62,M443,0.0,7631.55,0,0
923,CASH_IN,2230.31,C26_HIGH,23109.46,43571.61,M530,0.0,0.0,0,0
925,DEBIT,2612.99,C31_HIGH,30111.06,42560.69,M581,0.0,0.0,0,0
926,TRANSFER,5807.33,C15_HIGH,62444.81,23610.98,M299,0.0,5807.33,0,0
929,CASH_IN,8676.3,C21_HIGH,38785.25,14917.79,M155,0.0,0.0,0,0
930,CASH_OUT,9923.56,C8_HIGH,34924.32,49359.58,M568,0.0,9923.56,0,0
931,DEBIT,8625.32,C2_HIGH,18855.32,4040.57,M440,0.0,0.0,0,0
934,CASH_OUT,3141.01,C1_HIGH,6743.35,22602.66,M314,0.0,3141.01,0,0
935,TRANSFER,7647.19,C13_LOW,49468.13,38178.46,M190,0.0,7647.19,0,0
936,TRANSFER,4342.78,C12_LOW,43511.56,21451.27,M588,0.0,4342.78,0,0
938,CASH_IN,386.88,C45_LOW,20742.01,18655.07,M114,0.0,0.0,0,0
940,TRANSFER,1913.86,C25_HIGH,67998.07,31334.35,M354,0.0,1913.86,0,0
941,DEBIT,3127.8,C5_HIGH,11168.11,25166.82,M413,0.0,0.0,0,0
942,CASH_IN,8240.2,C15_HIGH,30522.02,14541.39,M845,0.0,0.0,0,0
945,TRANSFER,5245.94,C36_HIGH,43932.86,34339.01,M237,0.0,5245.94,0,0
947,PAYMENT,3598.92,C122_LOW,19654.18,47404.22,M931,0.0,0.0,0,0
949,CASH_IN,2291.9,C1_HIGH,72989.71,6560.29,M851,0.0,0.0,0,0
950,TRANSFER,5051.29,C36_HIGH,13193.04,35555.5,M911,0.0,5051.29,0,0
951,PAYMENT,8766.68,C47_HIGH,26323.13,26736.67,M149,0.0,0.0,0,0
954,CASH_IN,6623.08,C159_LOW,65703.19,987.09,M806,0.0,0.0,0,0
955,PAYMENT,4448.7,C161_LOW,13235.91,12636.91,M818,0.0,0.0,0,0
956,CASH_OUT,6954.97,C44_HIGH,63400.82,15055.82,M777,0.0,6954.97,0,0
957,TRANSFER,2707.07,C11_HIGH,60957.8,6858.18,M950,0.0,2707.07,0,0
958,TRANSFER,7190.47,C47_HIGH,12655.72,5700.63,M208,0.0,7190.47,0,0
960,CASH_OUT,6093.93,C135_LOW,78017.93,41574.94,M306,0.0,6093.93,0,0
962,PAYMENT,2960.56,C62_LOW,4901.17,24817.74,M312,0.0,0.0,0,0
965,PAYMENT,3312.73,C49_HIGH,1271.06,33581.66,M213,0.0,0.0,0,0
968,PAYMENT,1499.95,C22_HIGH,9918.18,25585.27,M840,0.0,0.0,0,0
971,CASH_IN,9048.75,C4_HIGH,64789.34,22837.56,M403,0.0,0.0,0,0
973,PAYMENT,510.3,C2_LOW,81504.66,43707.02,M972,0.0,0.0,0,0
975,DEBIT,8017.95,C5_LOW,31958.0,36927.01,M197,0.0,0.0,0,0
976,CASH_IN,8521.47,C161_LOW,66672.15,8525.61,M466,0.0,0.0,0,0
978,TRANSFER,2690.41,C126_LOW,73573.73,18631.11,M450,0.0,2690.41,0,0
979,CASH_IN,4013.77,C25_HIGH,96268.68,13591.65,M494,0.0,0.0,0,0
982,PAYMENT,8000.99,C38_HIGH,65235.8,39845.48,M215,0.0,0.0,0,0
983,CASH_IN,9815.88,C47_HIGH,84590.63,5185.66,M704,0.0,0.0,0,0
985,TRANSFER,6787.15,C15_HIGH,18944.8,18987.54,M467,0.0,6787.15,0,0
988,CASH_IN,8627.13,C39_LOW,88115.07,36363.93,M233,0.0,0.0,0,0
990,PAYMENT,1138.25,C30_HIGH,41717.14,2298.62,M367,0.0,0.0,0,0
993,DEBIT,133.48,C9_LOW,86964.89,26240.9,M861,0.0,0.0,0,0
996,TRANSFER,2247.61,C46_HIGH,95620.38,43657.18,M631,0.0,2247.61,0,0
999,TRANSFER,961.47,C103_LOW,66509.61,12428.85,M454,0.0,961.47,0,0
1002,PAYMENT,1495.06,C32_HIGH,82817.34,44603.09,M727,0.0,0.0,0,0
1003,CASH_IN,6437.55,C20_HIGH,16535.81,42442.28,M972,0.0,0.0,1,0
1005,CASH_OUT,757.9,C6_HIGH,49673.15,12044.59,M384,0.0,757.9,0,0
1006,TRANSFER,2234.84,C40_HIGH,64688.41,20163.85,M340,0.0,2234.84,0,0
1007,PAYMENT,4447.45,C35_HIGH,57730.46,4400.99,M610,0.0,0.0,0,0
1009,DEBIT,1195.88,C0_HIGH,50239.96,32668.65,M205,0.0,0.0,0,0
1011,PAYMENT,367.96,C28_HIGH,55360.78,41295.44,M910,0.0,0.0,0,0
1014,TRANSFER,6379.01,C41_HIGH,89120.98,28116.63,M770,0.0,6379.01,0,0
1017,PAYMENT,9504.05,C177_LOW,36970.91,2713.76,M328,0.0,0.0,0,0
1019,DEBIT,5605.91,C145_LOW,62356.04,23656.68,M772,0.0,0.0,0,0
1021,PAYMENT,1149.09,C47_LOW,76172.68,11087.36,M449,0.0,0.0,0,0
1023,DEBIT,5481.43,C70_LOW,38015.15,5316.11,M268,0.0,0.0,0,0
1025,CASH_OUT,8220.17,C28_HIGH,74508.58,20460.54,M360,0.0,8220.17,0,0
1028,CASH_OUT,1883.56,C120_LOW,93091.41,19644.82,M568,0.0,1883.56,0,0
1029,DEBIT,1086.58,C31_HIGH,42032.56,46331.33,M957,0.0,0.0,0,0
1032,TRANSFER,1240.96,C145_LOW,89283.68,22869.39,M703,0.0,1240.96,0,0
1035,CASH_OUT,9638.91,C17_HIGH,1429.43,36810.7,M666,0.0,9638.91,0,0
1037,TRANSFER,4834.49,C30_HIGH,51324.96,46058.12,M281,0.0,4834.49,0,0
1040,TRANSFER,1744.77,C49_HIGH,81709.17,5177.7,M773,0.0,1744.77,0,0
1043,TRANSFER,8828.13,C46_LOW,50906.9,19233.13,M723,0.0,8828.13,0,0
1046,CASH_OUT,2743.22,C147_LOW,96395.76,48524.58,M563,0.0,2743.22,0,0
1047,CASH_OUT,4133.33,C150_LOW,70301.41,37421.34,M406,0.0,4133.33,0,0
1050,TRANSFER,8608.47,C47_HIGH,71475.56,46775.6,M747,0.0,8608.47,0,0
1051,CASH_OUT,2105.03,C31_HIGH,71724.07,34330.56,M788,0.0,2105.03,0,0
1052,CASH_OUT,5043.9,C26_HIGH,69736.89,16119.07,M218,0.0,5043.9,0,0
1054,TRANSFER,4808.9,C21_HIGH,57493.18,33357.86,M527,0.0,4808.9,0,0
1057,TRANSFER,2866.42,C112_LOW,84882.81,40415.24,M635,0.0,2866.42,0,0
1058,CASH_IN,3814.89,C9_HIGH,6253.43,2830.24,M373,0.0,0.0,0,0
1059,DEBIT,6837.07,C181_LOW,15496.41,3101.64,M903,0.0,0.0,0,0
1061,CASH_OUT,7538.4,C2_HIGH,4198.33,40701.31,M204,0.0,7538.4,0,0
1064,TRANSFER,8649.77,C5_HIGH,74498.86,28063.53,M343,0.0,8649.77,0,0
1067,DEBIT,6932.43,C179_LOW,5651.01,19079.13,M526,0.0,0.0,0,0
1070,DEBIT,9658.67,C25_HIGH,6326.42,37183.5,M307,0.0,0.0,0,0
1073,PAYMENT,8301.53,C3_HIGH,91237.15,35231.45,M763,0.0,0.0,0,0
1075,TRANSFER,321524.14,C10_HIGH,77838.53,48214.49,M401,0.0,321524.14,1,0
1077,CASH_OUT,9834.7,C16_HIGH,8372.43,48123.76,M852,0.0,9834.7,0,0
1080,CASH_IN,3778.21,C112_LOW,43422.27,27829.93,M233,0.0,0.0,0,0
1081,TRANSFER,8461.68,C39_HIGH,1558.87,23316.57,M258,0.0,8461.68,0,0
1082,CASH_OUT,9287.0,C57_LOW,60091.15,38683.05,M740,0.0,9287.0,0,0
1085,DEBIT,4910.6,C2_HIGH,57695.02,17904.28,M902,0.0,0.0,0,0
1088,DEBIT,5258.7,C38_HIGH,95741.78,26030.31,M905,0.0,0.0,0,0
1091,CASH_OUT,4165.15,C49_HIGH,54166.56,4597.28,M326,0.0,4165.15,0,0
1092,DEBIT,3317.35,C198_LOW,30063.86,47515.41,M733,0.0,0.0,0,0
1095,PAYMENT,9966.34,C180_LOW,82545.15,49056.66,M109,0.0,0.0,0,0
1096,DEBIT,4462.22,C30_HIGH,90545.15,30685.05,M736,0.0,0.0,0,0
1097,CASH_IN,6828.69,C41_HIGH,32772.76,45796.62,M216,0.0,0.0,0,0
1099,DEBIT,5406.97,C21_LOW,29000.07,45566.8,M941,0.0,0.0,0,0
1101,TRANSFER,8030.14,C5_HIGH,45110.13,2192.58,M767,0.0,8030.14,0,0
1102,DEBIT,5143.81,C35_HIGH,94872.97,8369.74,M891,0.0,0.0,0,0
1105,TRANSFER,83.23,C18_LOW,7481.71,33516.76,M892,0.0,83.23,0,0
1106,PAYMENT,8358.29,C49_HIGH,21352.38,41437.43,M999,0.0,0.0,0,0
1109,PAYMENT,6469.15,C5_HIGH,94035.36,37344.54,M257,0.0,0.0,0,0
1110,PAYMENT,7171.51,C46_HIGH,4750.75,3662.4,M282,0.0,0.0,0,0
1112,TRANSFER,713.72,C30_HIGH,82340.31,45549.33,M517,0.0,713.72,0,0
1114,PAYMENT,6305.87,C60_LOW,43869.48,844.55,M789,0.0,0.0,0,0
1115,TRANSFER,68.93,C88_LOW,72308.28,3161.88,M863,0.0,68.93,0,0
1118,CASH_IN,7011.81,C9_HIGH,8186.36,46402.39,M208,0.0,0.0,0,0
1120,DEBIT,6069.59,C6_LOW,28870.23,46334.54,M490,0.0,0.0,0,0
1122,CASH_IN,4745.14,C19_HIGH,53813.31,6819.07,M500,0.0,0.0,0,0
1125,DEBIT,9601.74,C32_HIGH,15263.48,33864.45,M914,0.0,0.0,0,0
1128,DEBIT,9574.34,C56_LOW,2103.87,43738.35,M244,0.0,0.0,0,0
1129,CASH_IN,60.25,C174_LOW,60068.83,26857.6,M187,0.0,0.0,0,0
1131,CASH_OUT,7485.48,C117_LOW,90451.09,17192.58,M522,0.0,7485.48,0,0
1134,TRANSFER,1433.13,C39_HIGH,19215.28,30844.25,M358,0.0,1433.13,0,0
1135,CASH_IN,1821.77,C37_HIGH,80166.35,42612.56,M971,0.0,0.0,0,0
1138,PAYMENT,6450.3,C32_HIGH,8241.31,33584.26,M356,0.0,0.0,0,0
1139,CASH_OUT,7258.64,C22_HIGH,49231.85,16542.55,M231,0.0,7258.64,0,0
1142,CASH_OUT,1009.45,C21_HIGH,62332.06,45005.93,M425,0.0,1009.45,0,0
1144,PAYMENT,3290.18,C94_LOW,66282.8,34672.91,M256,0.0,0.0,0,0
1147,TRANSFER,3651.29,C189_LOW,32316.98,21415.37,M104,0.0,3651.29,0,0
1149,CASH_OUT,7858.74,C104_LOW,71507.71,32041.93,M383,0.0,7858.74,0,0
1151,CASH_OUT,6799.01,C22_HIGH,33824.73,23997.7,M556,0.0,6799.01,0,0
1153,DEBIT,4874.84,C73_LOW,11774.43,32277.58,M183,0.0,0.0,0,0
1155,CASH_OUT,8914.06,C169_LOW,20446.76,36677.23,M741,0.0,8914.06,0,0
1156,CASH_IN,8922.13,C45_HIGH,85109.14,31581.32,M932,0.0,0.0,0,0
1159,TRANSFER,4057.29,C10_LOW,59413.59,45315.18,M664,0.0,4057.29,0,0
1161,TRANSFER,8940.92,C23_LOW,54428.03,32695.41,M252,0.0,8940.92,0,0
1163,PAYMENT,2240.83,C23_LOW,77442.34,36661.34,M397,0.0,0.0,0,0
1164,PAYMENT,5016.22,C27_HIGH,9964.85,18193.28,M110,0.0,0.0,0,0
1167,CASH_OUT,8481.34,C14_HIGH,80847.47,30701.8,M269,0.0,8481.34,0,0
1170,CASH_OUT,4467.74,C143_LOW,18735.37,47435.59,M775,0.0,4467.74,0,0
1171,PAYMENT,9392.36,C5_HIGH,5001.56,38073.62,M337,0.0,0.0,0,0
1172,DEBIT,3700.66,C196_LOW,5238.04,10338.7,M910,0.0,0.0,0,0
1174,PAYMENT,4702.05,C16_LOW,46009.7,2321.87,M764,0.0,0.0,0,0
1176,CASH_IN,7040.33,C2_HIGH,52615.92,41482.36,M954,0.0,0.0,0,0
1179,DEBIT,5790.53,C2_LOW,57445.86,18832.98,M487,0.0,0.0,0,0
1181,TRANSFER,6536.83,C50_LOW,83711.44,25833.14,M485,0.0,6536.83,0,0
1182,TRANSFER,4064.36,C23_HIGH,81906.44,17251.62,M911,0.0,4064.36,0,0
1184,TRANSFER,75.91,C3_LOW,88321.39,21994.94,M335,0.0,75.91,0,0
1185,TRANSFER,6438.34,C45_LOW,21940.19,9345.28,M470,0.0,6438.34,0,0
1188,CASH_IN,6614.49,C12_HIGH,42046.75,16511.24,M216,0.0,0.0,0,0
1190,PAYMENT,4795.42,C22_HIGH,59488.3,32362.96,M520,0.0,0.0,0,0
1191,CASH_OUT,441.01,C26_HIGH,57775.16,8056.46,M744,0.0,441.01,0,0
1194,CASH_IN,8909.07,C1_HIGH,15539.64,8317.07,M284,0.0,0.0,0,0
1197,PAYMENT,5997.58,C52_LOW,56796.87,931.0,M836,0.0,0.0,0,0
1200,DEBIT,9473.07,C17_HIGH,22442.75,30326.29,M582,0.0,0.0,0,0
1202,CASH_OUT,2201.44,C8_HIGH,41665.92,7135.61,M696,0.0,2201.44,0,0
1203,TRANSFER,6599.89,C2_HIGH,27187.55,36209.34,M450,0.0,6599.89,0,0
1205,TRANSFER,5910.05,C188_LOW,23751.56,19273.09,M211,0.0,5910.05,0,0
1206,CASH_OUT,5231.89,C46_HIGH,91024.58,34218.39,M946,0.0,5231.89,0,0
1207,TRANSFER,972.02,C18_HIGH,48111.05,30737.41,M139,0.0,972.02,0,0
1210,TRANSFER,7526.31,C76_LOW,10225.81,32969.63,M717,0.0,7526.31,0,0
1213,CASH_IN,8970.72,C58_LOW,77712.17,32461.59,M634,0.0,0.0,0,0
1215,DEBIT,8749.49,C171_LOW,70066.64,21447.81,M921,0.0,0.0,0,0
1217,PAYMENT,3511.67,C37_HIGH,80657.48,45392.94,M957,0.0,0.0,0,0
1220,TRANSFER,986.19,C45_HIGH,14254.43,23857.06,M338,0.0,986.19,0,0
1221,DEBIT,5986.94,C29_HIGH,54829.37,12890.25,M105,0.0,0.0,0,0
1224,CASH_IN,5784.09,C10_HIGH,12665.03,359.7,M770,0.0,0.0,1,0
1225,DEBIT,4094.36,C132_LOW,11551.74,21303.58,M699,0.0,0.0,0,0
1227,DEBIT,8551.22,C32_HIGH,42932.59,18282.2,M382,0.0,0.0,0,0
1230,PAYMENT,7552.17,C36_HIGH,41909.59,39189.42,M594,0.0,0.0,0,0
1231,DEBIT,5595.35,C48_HIGH,48892.26,49425.41,M691,0.0,0.0,0,0
1233,PAYMENT,7360.47,C14_HIGH,85644.89,32964.14,M865,0.0,0.0,0,0
1234,PAYMENT,7833.26,C13_HIGH,94975.27,5013.93,M620,0.0,0.0,0,0
1236,DEBIT,8010.53,C49_LOW,61788.51,34228.22,M153,0.0,0.0,0,0
1237,PAYMENT,9646.06,C28_LOW,1523.77,4554.43,M248,0.0,0.0,0,0
1239,TRANSFER,4359.42,C5_HIGH,7343.97,11088.51,M181,0.0,4359.42,0,0
1242,CASH_IN,7247.7,C32_HIGH,93137.81,20032.24,M771,0.0,0.0,0,0
1245,DEBIT,7118.94,C27_LOW,60149.78,47285.79,M939,0.0,0.0,0,0
1246,PAYMENT,4395.33,C126_LOW,20969.02,32844.21,M923,0.0,0.0,0,0
1249,DEBIT,1955.52,C131_LOW,78611.99,25527.39,M815,0.0,0.0,0,0
1250,TRANSFER,1703.13,C60_LOW,4570.05,11962.83,M100,0.0,1703.13,0,0
1251,CASH_IN,9968.2,C74_LOW,78187.62,17656.38,M504,0.0,0.0,0,0
1253,TRANSFER,2011.1,C76_LOW,2521.29,35181.1,M192,0.0,2011.1,0,0
1256,DEBIT,7264.13,C45_LOW,56352.27,29146.62,M455,0.0,0.0,0,0
1258,CASH_OUT,6067.57,C11_HIGH,20257.99,46485.69,M688,0.0,6067.57,0,0
1259,DEBIT,1758.6,C162_LOW,51117.57,27931.54,M615,0.0,0.0,0,0
1261,DEBIT,9470.68,C153_LOW,80491.28,47835.47,M997,0.0,0.0,0,0
1264,TRANSFER,2508.91,C1_HIGH,44834.1,18854.01,M595,0.0,2508.91,0,0
1265,DEBIT,9612.77,C44_LOW,46425.99,23036.02,M700,0.0,0.0,0,0
1266,PAYMENT,1171.52,C24_HIGH,7687.87,31683.09,M325,0.0,0.0,0,0
1269,CASH_OUT,8003.61,C1_HIGH,41830.17,17654.81,M648,0.0,8003.61,0,0
1270,DEBIT,2490.09,C29_HIGH,10207.93,33684.9,M940,0.0,0.0,0,0
1272,CASH_IN,5549.97,C19_HIGH,18670.09,15693.64,M323,0.0,0.0,0,0
1275,DEBIT,1836.02,C45_HIGH,74869.47,46512.76,M294,0.0,0.0,0,0
1277,CASH_OUT,2356.27,C45_HIGH,24963.6,13270.27,M334,0.0,2356.27,0,0
1278,CASH_OUT,8364.98,C26_HIGH,36246.71,38946.92,M222,0.0,8364.98,0,0
1279,PAYMENT,6142.13,C97_LOW,76660.18,27073.7,M143,0.0,0.0,0,0
1281,DEBIT,6210.47,C175_LOW,49741.7,49268.07,M688,0.0,0.0,0,0
1283,PAYMENT,1836.89,C123_LOW,76661.97,25556.68,M507,0.0,0.0,0,0
1284,TRANSFER,1291.18,C191_LOW,53047.81,21158.79,M653,0.0,1291.18,0,0
1285,TRANSFER,437180.06,C20_HIGH,77814.49,22859.8,M223,0.0,437180.06,1,0
1288,TRANSFER,360144.75,C20_HIGH,2170.18,10537.62,M694,0.0,360144.75,1,0
1289,DEBIT,3622.41,C43_HIGH,86322.36,9357.62,M369,0.0,0.0,0,0
1290,DEBIT,4718.74,C8_HIGH,61695.32,18296.21,M610,0.0,0.0,0,0
1292,CASH_OUT,4196.74,C118_LOW,75467.38,18253.9,M510,0.0,4196.74,0,0
1294,PAYMENT,1807.09,C49_HIGH,13982.78,28794.64,M334,0.0,0.0,0,0
1295,DEBIT,8042.83,C12_HIGH,55978.66,42815.44,M300,0.0,0.0,0,0
1296,CASH_OUT,4735.14,C49_HIGH,1964.49,21076.03,M237,0.0,4735.14,0,0
1299,TRANSFER,5344.49,C18_HIGH,32257.0,24331.01,M356,0.0,5344.49,0,0
1302,TRANSFER,486.62,C24_LOW,10798.51,8167.09,M320,0.0,486.62,0,0
1304,PAYMENT,8391.33,C29_HIGH,10533.89,37229.66,M366,0.0,0.0,0,0
1306,DEBIT,5607.9,C8_HIGH,93252.61,12885.74,M120,0.0,0.0,0,0
1308,CASH_IN,3517.39,C45_HIGH,68279.0,30278.8,M690,0.0,0.0,0,0
1311,TRANSFER,1753.64,C5_HIGH,78250.6,17755.45,M789,0.0,1753.64,0,0
1314,PAYMENT,7749.7,C42_HIGH,45246.08,3920.38,M728,0.0,0.0,0,0
1316,PAYMENT,6320.8,C29_HIGH,15339.99,8378.78,M927,0.0,0.0,0,0
1318,PAYMENT,6316.42,C23_HIGH,57592.12,42445.04,M173,0.0,0.0,0,0
1319,CASH_OUT,3442.82,C24_LOW,32034.72,32650.65,M827,0.0,3442.82,0,0
1321,TRANSFER,6450.0,C165_LOW,27853.56,22244.92,M983,0.0,6450.0,0,0
1323,TRANSFER,5214.15,C53_LOW,45578.58,8365.91,M974,0.0,5214.15,0,0
1324,CASH_OUT,7280.45,C48_HIGH,66540.23,47021.87,M817,0.0,7280.45,0,0
1327,CASH_IN,2113.61,C119_LOW,40307.51,4777.69,M999,0.0,0.0,0,0
1329,TRANSFER,547.72,C78_LOW,77322.44,26199.14,M185,0.0,547.72,0,0
1330,DEBIT,6184.84,C27_HIGH,9346.82,46579.48,M499,0.0,0.0,0,0
1332,CASH_OUT,2481.49,C44_LOW,29133.35,31324.03,M234,0.0,2481.49,0,0
1335,CASH_OUT,295.43,C6_HIGH,66691.36,43018.44,M433,0.0,295.43,0,0
1337,PAYMENT,9750.07,C34_HIGH,54517.83,13620.72,M555,0.0,0.0,0,0
1338,TRANSFER,1778.6,C44_HIGH,60160.84,31552.38,M751,0.0,1778.6,0,0
1341,PAYMENT,5239.36,C19_HIGH,64313.3,15483.07,M455,0.0,0.0,0,0
1343,TRANSFER,2279.01,C26_HIGH,9865.85,15393.41,M522,0.0,2279.01,0,0
1345,CASH_OUT,3042.69,C137_LOW,1009.14,40768.99,M968,0.0,3042.69,0,0
1346,DEBIT,2874.75,C189_LOW,53974.79,34388.5,M603,0.0,0.0,0,0
1348,DEBIT,101.23,C63_LOW,43613.1,14646.13,M336,0.0,0.0,0,0
1349,TRANSFER,3742.7,C101_LOW,41761.85,28027.72,M504,0.0,3742.7,0,0
1350,CASH_OUT,7152.23,C22_HIGH,64953.09,41421.34,M325,0.0,7152.23,0,0
1352,CASH_IN,4228.17,C74_LOW,24716.62,38226.91,M727,0.0,0.0,0,0
1355,DEBIT,2853.92,C137_LOW,74549.76,40440.43,M522,0.0,0.0,0,0
1356,CASH_IN,1832.25,C21_HIGH,29669.93,31844.64,M732,0.0,0.0,0,0
1358,DEBIT,7007.72,C27_HIGH,49707.61,16032.19,M255,0.0,0.0,0,0
1359,TRANSFER,231.09,C22_LOW,97260.93,14105.73,M228,0.0,231.09,0,0
1362,PAYMENT,7273.8,C71_LOW,24048.24,7534.18,M605,0.0,0.0,0,0
1363,DEBIT,4208.23,C163_LOW,78786.81,24919.79,M480,0.0,0.0,0,0
1365,CASH_IN,3309.18,C29_LOW,84511.08,47582.2,M157,0.0,0.0,0,0
1367,PAYMENT,723.13,C118_LOW,47544.53,9609.61,M961,0.0,0.0,0,0
1369,PAYMENT,8284.24,C167_LOW,13074.19,38407.28,M354,0.0,0.0,0,0
1371,PAYMENT,2479.15,C29_HIGH,99459.01,9958.99,M852,0.0,0.0,0,0
1372,TRANSFER,6663.42,C133_LOW,21636.27,19456.15,M419,0.0,6663.42,0,0
1374,CASH_OUT,6295.35,C39_HIGH,5176.41,46871.05,M633,0.0,6295.35,0,0
1375,DEBIT,4817.48,C36_HIGH,30582.5,18021.33,M153,0.0,0.0,0,0
1378,CASH_OUT,9733.01,C45_HIGH,24360.62,21708.08,M115,0.0,9733.01,0,0
1379,DEBIT,5851.12,C182_LOW,40185.02,12154.47,M143,0.0,0.0,0,0
1382,PAYMENT,6887.18,C34_HIGH,16344.2,38539.85,M354,0.0,0.0,0,0
1383,PAYMENT,923.1,C31_HIGH,62245.84,46542.44,M877,0.0,0.0,0,0
1386,CASH_IN,607.15,C41_HIGH,64812.91,35066.41,M910,0.0,0.0,0,0
1387,CASH_OUT,4883.55,C17_HIGH,32357.22,27917.52,M760,0.0,4883.55,0,0
1389,PAYMENT,7334.56,C20_HIGH,3113.93,18888.45,M841,0.0,0.0,1,0
1390,DEBIT,8987.64,C15_HIGH,49044.91,21875.0,M401,0.0,0.0,0,0
1393,PAYMENT,1905.86,C111_LOW,19476.05,17383.23,M849,0.0,0.0,0,0
1395,DEBIT,8677.94,C178_LOW,60269.31,43028.04,M264,0.0,0.0,0,0
1396,TRANSFER,1558.7,C3_HIGH,30271.59,13167.46,M475,0.0,1558.7,0,0
1398,CASH_IN,7761.42,C114_LOW,51089.82,36682.89,M119,0.0,0.0,0,0
1401,DEBIT,7762.41,C41_LOW,24639.87,36050.18,M774,0.0,0.0,0,0
1404,PAYMENT,1906.8,C184_LOW,68639.19,38286.7,M257,0.0,0.0,0,0
1407,DEBIT,3232.77,C33_HIGH,64449.49,5523.21,M635,0.0,0.0,0,0
1410,CASH_IN,447.33,C8_HIGH,93842.15,8931.94,M132,0.0,0.0,0,0
1411,CASH_IN,4858.85,C60_LOW,10776.61,28550.61,M956,0.0,0.0,0,0
1413,PAYMENT,5262.96,C34_HIGH,70430.09,12796.93,M475,0.0,0.0,0,0
1414,TRANSFER,7181.27,C8_LOW,2295.52,46051.76,M771,0.0,7181.27,0,0
1416,CASH_IN,4685.91,C45_HIGH,64252.75,18046.3,M861,0.0,0.0,0,0
1418,DEBIT,7944.55,C100_LOW,6771.7,30846.67,M641,0.0,0.0,0,0
1419,CASH_IN,8346.22,C15_HIGH,8715.6,10795.0,M631,0.0,0.0,0,0
1420,CASH_IN,7254.47,C16_HIGH,53634.44,9473.02,M638,0.0,0.0,0,0
1423,CASH_OUT,5704.58,C35_HIGH,94802.83,27921.17,M671,0.0,5704.58,0,0
1425,CASH_IN,7665.17,C91_LOW,58079.8,33724.63,M819,0.0,0.0,0,0
1428,PAYMENT,8829.41,C16_HIGH,17514.12,9019.83,M511,0.0,0.0,0,0
1431,DEBIT,6578.74,C92_LOW,53856.15,29995.79,M460,0.0,0.0,0,0
1433,TRANSFER,9914.72,C79_LOW,33140.76,18585.98,M882,0.0,9914.72,0,0
1436,PAYMENT,8263.29,C22_HIGH,33021.64,12036.13,M658,0.0,0.0,0,0
1437,PAYMENT,7659.43,C193_LOW,92688.55,12704.46,M563,0.0,0.0,0,0
1439,PAYMENT,11.95,C185_LOW,4431.63,14224.11,M116,0.0,0.0,0,0
1442,CASH_OUT,9934.19,C8_HIGH,30882.32,15016.7,M327,0.0,9934.19,0,0
1443,DEBIT,226.8,C32_LOW,82372.05,34485.96,M382,0.0,0.0,0,0
1446,TRANSFER,5567.67,C16_HIGH,92666.32,7735.74,M138,0.0,5567.67,0,0
1448,DEBIT,1569.51,C28_HIGH,27233.83,44481.27,M355,0.0,0.0,0,0
1449,DEBIT,8112.63,C61_LOW,10098.61,19989.91,M322,0.0,0.0,0,0
1452,CASH_IN,7238.57,C6_HIGH,79497.52,8645.12,M945,0.0,0.0,0,0
1455,TRANSFER,8196.96,C3_HIGH,10441.04,32112.73,M138,0.0,8196.96,0,0
1458,TRANSFER,3821.65,C27_HIGH,78232.07,46093.57,M442,0.0,3821.65,0,0
1460,PAYMENT,4171.05,C61_LOW,86915.28,43489.33,M332,0.0,0.0,0,0
1463,TRANSFER,9287.25,C37_HIGH,63754.82,31609.68,M155,0.0,9287.25,0,0
1465,TRANSFER,421.41,C95_LOW,54453.04,7479.0,M614,0.0,421.41,0,0
1468,CASH_OUT,1540.44,C28_HIGH,67689.89,49868.37,M556,0.0,1540.44,0,0
1471,TRANSFER,5052.25,C19_HIGH,22986.48,14489.15,M503,0.0,5052.25,0,0
1472,CASH_OUT,3368.32,C14_HIGH,48109.61,37265.75,M661,0.0,3368.32,0,0
1474,DEBIT,859.94,C157_LOW,50680.49,38691.26,M233,0.0,0.0,0,0
1475,PAYMENT,5597.37,C34_HIGH,49298.25,32612.42,M300,0.0,0.0,0,0
1478,TRANSFER,9970.82,C44_HIGH,52900.53,12115.75,M372,0.0,9970.82,0,0
1480,DEBIT,6850.53,C48_HIGH,58025.81,5626.49,M523,0.0,0.0,0,0
1482,DEBIT,3489.6,C29_HIGH,32753.1,29693.86,M124,0.0,0.0,0,0
1484,CASH_OUT,9876.64,C179_LOW,62005.88,49507.96,M552,0.0,9876.64,0,0
1487,CASH_OUT,4410.23,C127_LOW,92497.11,11674.48,M801,0.0,4410.23,0,0
1489,CASH_OUT,7579.76,C29_HIGH,85423.65,5618.59,M155,0.0,7579.76,0,0
1490,TRANSFER,9268.03,C142_LOW,87006.48,41006.7,M114,0.0,9268.03,0,0
1492,CASH_IN,3058.13,C49_HIGH,47647.84,16593.84,M857,0.0,0.0,0,0
1495,CASH_OUT,2045.98,C25_HIGH,52803.32,12932.9,M594,0.0,2045.98,0,0
1498,CASH_OUT,6953.76,C17_HIGH,67157.8,18830.33,M779,0.0,6953.76,0,0
1501,CASH_IN,2562.01,C9_HIGH,6950.89,10034.8,M813,0.0,0.0,0,0
1504,DEBIT,540.32,C123_LOW,65821.03,416.71,M497,0.0,0.0,0,0
1507,DEBIT,6633.19,C125_LOW,91374.01,18010.96,M210,0.0,0.0,0,0
1508,DEBIT,8675.43,C49_HIGH,65291.7,11558.43,M489,0.0,0.0,0,0
1511,CASH_IN,9039.68,C38_LOW,48981.55,29855.32,M190,0.0,0.0,0,0
1512,CASH_OUT,256093.82,C10_HIGH,92708.65,1074.42,M353,0.0,256093.82,1,0
1515,DEBIT,3342.36,C54_LOW,39946.58,7850.26,M455,0.0,0.0,0,0
1518,DEBIT,3560.23,C94_LOW,30930.29,49799.72,M613,0.0,0.0,0,0
1520,CASH_IN,6261.67,C160_LOW,87989.05,44520.1,M934,0.0,0.0,0,0
1521,TRANSFER,9491.67,C23_LOW,23332.69,17089.31,M502,0.0,9491.67,0,0
1524,CASH_OUT,221993.2,C20_HIGH,96099.96,30622.42,M740,0.0,221993.2,1,0
1527,CASH_OUT,4179.16,C13_LOW,57716.96,21323.25,M419,0.0,4179.16,0,0
1530,DEBIT,4497.2,C48_HIGH,14045.44,32623.63,M694,0.0,0.0,0,0
1533,CASH_OUT,8627.25,C48_HIGH,31590.84,35256.82,M636,0.0,8627.25,0,0
1534,PAYMENT,9956.9,C187_LOW,97601.91,7257.62,M678,0.0,0.0,0,0
1535,DEBIT,687.46,C11_HIGH,53763.19,35972.03,M288,0.0,0.0,0,0
1537,CASH_OUT,7273.52,C13_HIGH,76778.07,44006.6,M523,0.0,7273.52,0,0
1539,DEBIT,4435.61,C25_HIGH,93443.08,44706.5,M856,0.0,0.0,0,0
1541,CASH_OUT,7793.29,C27_HIGH,11570.37,9237.32,M880,0.0,7793.29,0,0
1544,TRANSFER,2675.96,C5_HIGH,57137.27,11545.57,M337,0.0,2675.96,0,0
1545,CASH_IN,3599.02,C112_LOW,69125.99,23830.11,M614,0.0,0.0,0,0
1548,PAYMENT,7123.07,C17_HIGH,38021.98,42606.47,M603,0.0,0.0,0,0
1550,CASH_OUT,1646.23,C34_LOW,23401.03,20429.46,M115,0.0,1646.23,0,0
1552,PAYMENT,2233.32,C107_LOW,67462.57,10141.68,M309,0.0,0.0,0,0
1553,CASH_OUT,9271.76,C64_LOW,98577.14,43356.45,M601,0.0,9271.76,0,0
1556,DEBIT,8669.08,C23_HIGH,88871.1,21377.78,M894,0.0,0.0,0,0
1557,TRANSFER,7355.96,C6_HIGH,38657.04,15644.87,M726,0.0,7355.96,0,0
1560,TRANSFER,286353.74,C10_HIGH,87702.51,39345.99,M633,0.0,286353.74,1,0
1561,PAYMENT,4574.44,C29_LOW,87898.93,43889.0,M351,0.0,0.0,0,0
1564,TRANSFER,3962.16,C65_LOW,73781.84,27885.05,M628,0.0,3962.16,0,0
1567,CASH_IN,1906.6,C122_LOW,44515.83,44219.88,M892,0.0,0.0,0,0
1569,PAYMENT,1673.2,C25_LOW,30147.55,45951.64,M806,0.0,0.0,0,0
1572,CASH_OUT,4641.15,C32_HIGH,64964.05,4522.04,M612,0.0,4641.15,0,0
1573,CASH_OUT,7789.52,C3_HIGH,93846.4,34805.71,M238,0.0,7789.52,0,0
1575,PAYMENT,3241.37,C75_LOW,3466.3,22684.04,M829,0.0,0.0,0,0
1576,PAYMENT,910.89,C173_LOW,33083.4,32428.82,M828,0.0,0.0,0,0
1577,CASH_IN,921.0,C28_HIGH,70916.44,31703.62,M187,0.0,0.0,0,0
1580,PAYMENT,7271.47,C49_LOW,97543.95,30603.63,M263,0.0,0.0,0,0
1582,TRANSFER,3812.26,C95_LOW,77057.77,45612.64,M679,0.0,3812.26,0,0
1585,CASH_OUT,1629.62,C30_HIGH,15316.13,38457.84,M152,0.0,1629.62,0,0
1587,DEBIT,3102.09,C29_HIGH,77094.41,22312.91,M741,0.0,0.0,0,0
1588,CASH_IN,8986.43,C0_HIGH,96082.95,176.64,M883,0.0,0.0,0,0
1590,CASH_IN,4591.84,C31_HIGH,85685.69,27175.06,M105,0.0,0.0,0,0
1593,PAYMENT,2386.4,C44_HIGH,59297.37,23785.6,M519,0.0,0.0,0,0
1595,CASH_IN,6016.15,C41_HIGH,1650.73,44108.39,M384,0.0,0.0,0,0
1598,TRANSFER,8203.01,C46_HIGH,21556.12,9242.0,M156,0.0,8203.01,0,0
1601,DEBIT,376.84,C33_HIGH,85529.1,33349.83,M958,0.0,0.0,0,0
1604,DEBIT,3317.8,C82_LOW,9682.57,5444.38,M282,0.0,0.0,0,0
1605,DEBIT,6114.79,C2_HIGH,69459.85,29748.45,M906,0.0,0.0,0,0
1608,CASH_OUT,9663.27,C3_HIGH,75184.15,18009.43,M136,0.0,9663.27,0,0
1609,DEBIT,3234.99,C50_LOW,89855.45,41013.24,M876,0.0,0.0,0,0
1611,TRANSFER,658.61,C15_HIGH,47610.87,6101.16,M980,0.0,658.61,0,0
1613,DEBIT,5275.26,C4_LOW,52939.97,34791.47,M726,0.0,0.0,0,0
1614,CASH_IN,5717.96,C39_LOW,97955.64,26447.33,M189,0.0,0.0,0,0
1616,TRANSFER,9339.58,C11_HIGH,98641.57,14359.37,M723,0.0,9339.58,0,0
1618,DEBIT,5258.66,C12_HIGH,99507.41,17692.67,M232,0.0,0.0,0,0
1621,TRANSFER,4969.01,C6_HIGH,73189.29,24887.06,M927,0.0,4969.01,0,0
1622,TRANSFER,2334.89,C83_LOW,29758.32,9677.77,M221,0.0,2334.89,0,0
1623,PAYMENT,6258.35,C82_LOW,12674.65,42403.49,M918,0.0,0.0,0,0
1626,PAYMENT,4146.27,C16_HIGH,34045.43,28020.78,M752,0.0,0.0,0,0
1627,CASH_IN,6409.78,C133_LOW,69311.69,12720.88,M169,0.0,0.0,0,0
1629,DEBIT,5071.83,C27_HIGH,33068.46,306.56,M802,0.0,0.0,0,0
1631,DEBIT,3966.53,C3_HIGH,57323.23,48005.64,M952,0.0,0.0,0,0
1632,CASH_OUT,3311.84,C23_HIGH,34455.75,33623.65,M585,0.0,3311.84,0,0
1633,CASH_OUT,4820.14,C24_HIGH,63092.85,44602.92,M649,0.0,4820.14,0,0
1635,PAYMENT,7842.05,C9_HIGH,41981.35,37129.23,M955,0.0,0.0,0,0
1638,DEBIT,5653.78,C22_HIGH,68141.56,27758.86,M119,0.0,0.0,0,0
1639,TRANSFER,6858.08,C17_LOW,80154.0,44401.47,M462,0.0,6858.08,0,0
1640,CASH_OUT,2811.8,C47_LOW,4086.14,49180.94,M741,0.0,2811.8,0,0
1643,CASH_OUT,5714.11,C11_LOW,39567.06,29759.59,M985,0.0,5714.11,0,0
1645,DEBIT,7101.3,C36_HIGH,27878.24,4339.89,M998,0.0,0.0,0,0
1646,DEBIT,4524.54,C17_HIGH,95121.95,10806.99,M409,0.0,0.0,0,0
1647,CASH_IN,3748.41,C120_LOW,4702.11,10104.92,M194,0.0,0.0,0,0
1649,TRANSFER,259.1,C150_LOW,48783.66,25002.72,M294,0.0,259.1,0,0
1651,PAYMENT,7327.09,C154_LOW,52839.17,38776.66,M246,0.0,0.0,0,0
1652,TRANSFER,6770.41,C197_LOW,14139.0,36228.53,M570,0.0,6770.41,0,0
1654,TRANSFER,1167.2,C25_HIGH,31787.15,2201.5,M968,0.0,1167.2,0,0
1657,CASH_IN,3339.56,C30_HIGH,89029.4,5155.14,M884,0.0,0.0,0,0
1660,DEBIT,234.58,C12_HIGH,76090.89,31942.54,M314,0.0,0.0,0,0
1662,CASH_OUT,1933.53,C30_HIGH,28388.3,15957.49,M551,0.0,1933.53,0,0
1665,CASH_IN,2733.82,C77_LOW,16592.11,5723.02,M737,0.0,0.0,0,0
1668,TRANSFER,1032.73,C99_LOW,54710.34,27468.28,M377,0.0,1032.73,0,0
1669,DEBIT,5745.09,C47_HIGH,17956.22,15568.88,M446,0.0,0.0,0,0
1672,PAYMENT,516.75,C9_HIGH,3870.28,45164.62,M151,0.0,0.0,0,0
1673,PAYMENT,547.46,C71_LOW,43220.11,8949.15,M710,0.0,0.0,0,0
1676,PAYMENT,6166.99,C18_HIGH,31931.62,40872.1,M830,0.0,0.0,0,0
1679,TRANSFER,794.67,C5_HIGH,92355.62,38221.41,M681,0.0,794.67,0,0
1680,CASH_IN,8130.38,C156_LOW,92049.22,23413.8,M566,0.0,0.0,0,0
1682,PAYMENT,4710.75,C21_HIGH,94797.38,7186.08,M731,0.0,0.0,0,0
1684,DEBIT,3926.85,C1_HIGH,70261.85,33259.03,M907,0.0,0.0,0,0
1686,PAYMENT,4880.19,C49_HIGH,7471.15,5644.35,M590,0.0,0.0,0,0
1688,CASH_OUT,2829.75,C68_LOW,35512.93,28733.91,M620,0.0,2829.75,0,0
1689,PAYMENT,8177.35,C6_HIGH,79879.02,16293.49,M765,0.0,0.0,0,0
1690,DEBIT,5332.13,C141_LOW,40680.83,20672.1,M735,0.0,0.0,0,0
1691,TRANSFER,1598.61,C151_LOW,48755.09,3303.0,M313,0.0,1598.61,0,0
1694,TRANSFER,4317.17,C157_LOW,98040.32,28360.56,M450,0.0,4317.17,0,0
1697,CASH_OUT,1739.12,C49_HIGH,67290.91,36968.35,M828,0.0,1739.12,0,0
1700,PAYMENT,1152.09,C39_HIGH,60011.47,16268.9,M199,0.0,0.0,0,0
1702,CASH_OUT,3087.28,C121_LOW,41173.58,29912.96,M801,0.0,3087.28,0,0
1705,PAYMENT,3280.81,C24_HIGH,64853.92,3074.11,M322,0.0,0.0,0,0
1706,TRANSFER,9033.53,C138_LOW,63977.15,9.22,M250,0.0,9033.53,0,0
1709,CASH_OUT,4535.21,C24_HIGH,29858.82,30778.61,M557,0.0,4535.21,0,0
1710,CASH_OUT,6818.35,C36_HIGH,32343.17,28513.82,M795,0.0,6818.35,0,0
1712,PAYMENT,7180.73,C25_HIGH,91596.67,49514.46,M696,0.0,0.0,0,0
1713,TRANSFER,9864.35,C36_HIGH,41015.54,6377.78,M401,0.0,9864.35,0,0
1714,DEBIT,9011.75,C0_HIGH,96822.05,42.17,M673,0.0,0.0,0,0
1716,CASH_IN,8613.87,C47_HIGH,86702.28,11762.06,M819,0.0,0.0,0,0
1719,PAYMENT,6255.89,C7_LOW,71465.59,20301.63,M545,0.0,0.0,0,0
1722,CASH_OUT,6628.25,C67_LOW,48012.27,9411.34,M493,0.0,6628.25,0,0
1724,PAYMENT,1551.13,C3_HIGH,99748.15,33503.3,M237,0.0,0.0,0,0
1725,CASH_IN,6487.41,C7_LOW,15255.59,44244.43,M773,0.0,0.0,0,0
1727,CASH_OUT,855.79,C30_HIGH,64582.05,20792.77,M566,0.0,855.79,0,0
1730,TRANSFER,9303.81,C126_LOW,62701.6,22719.72,M534,0.0,9303.81,0,0
1733,PAYMENT,3853.3,C38_HIGH,23348.35,21238.59,M107,0.0,0.0,0,0
1736,PAYMENT,8469.57,C40_HIGH,24438.25,25086.44,M520,0.0,0.0,0,0
1739,TRANSFER,3676.03,C19_HIGH,97845.11,28407.48,M821,0.0,3676.03,0,0
1741,CASH_IN,5806.89,C38_LOW,96212.04,4003.16,M847,0.0,0.0,0,0
1744,TRANSFER,9835.96,C45_HIGH,98383.17,38943.49,M576,0.0,9835.96,0,0
1747,CASH_IN,5238.33,C43_HIGH,61396.99,12261.57,M745,0.0,0.0,0,0
1750,CASH_IN,6843.9,C34_HIGH,54380.52,28981.42,M727,0.0,0.0,0,0
1751,DEBIT,5354.98,C48_HIGH,2067.56,22701.74,M580,0.0,0.0,0,0
1754,DEBIT,4215.95,C109_LOW,96097.55,39911.16,M396,0.0,0.0,0,0
1755,CASH_IN,6953.56,C27_HIGH,60166.02,15203.54,M903,0.0,0.0,0,0
1758,DEBIT,623.56,C40_HIGH,47842.89,8453.96,M152,0.0,0.0,0,0
1761,DEBIT,8090.87,C36_HIGH,62807.38,14340.78,M184,0.0,0.0,0,0
1762,TRANSFER,777.85,C24_HIGH,78592.52,12602.55,M730,0.0,777.85,0,0
1764,DEBIT,8580.01,C23_HIGH,2406.1,5577.47,M278,0.0,0.0,0,0
1767,CASH_OUT,6594.96,C3_HIGH,37606.92,8769.97,M901,0.0,6594.96,0,0
1770,CASH_OUT,4854.34,C15_LOW,80137.83,43100.72,M451,0.0,4854.34,0,0
1771,CASH_OUT,5959.49,C12_LOW,82350.65,41880.71,M870,0.0,5959.49,0,0
1773,PAYMENT,2387.09,C143_LOW,44578.32,31878.73,M315,0.0,0.0,0,0
1776,DEBIT,552.71,C89_LOW,27175.15,40976.55,M153,0.0,0.0,0,0
1777,PAYMENT,3993.46,C18_HIGH,30835.35,37307.53,M870,0.0,0.0,0,0
1780,CASH_OUT,3804.21,C41_HIGH,70855.17,23729.48,M248,0.0,3804.21,0,0
1783,PAYMENT,128.51,C70_LOW,92795.03,22441.03,M794,0.0,0.0,0,0
1785,TRANSFER,6831.93,C2_HIGH,5060.74,45885.61,M752,0.0,6831.93,0,0
1787,PAYMENT,6108.75,C135_LOW,65554.53,13629.53,M376,0.0,0.0,0,0
1789,CASH_IN,2560.89,C29_HIGH,58833.51,23055.43,M791,0.0,0.0,0,0
1792,CASH_OUT,314925.93,C20_HIGH,20297.64,16870.33,M806,0.0,314925.93,1,0
1793,DEBIT,5480.65,C21_HIGH,67607.38,41584.47,M112,0.0,0.0,0,0
1795,CASH_IN,5257.39,C43_HIGH,68864.46,17575.82,M842,0.0,0.0,0,0
1797,DEBIT,1938.86,C4_LOW,3346.35,4597.06,M708,0.0,0.0,0,0
1800,CASH_OUT,9505.38,C163_LOW,64170.21,35403.76,M222,0.0,9505.38,0,0
1801,TRANSFER,1307.77,C15_HIGH,65983.07,44994.86,M679,0.0,1307.77,0,0
1802,CASH_IN,6959.58,C43_HIGH,26080.24,23347.78,M177,0.0,0.0,0,0
1805,PAYMENT,9227.73,C11_HIGH,28361.97,21349.17,M783,0.0,0.0,0,0
1807,DEBIT,1628.04,C0_HIGH,8325.71,38855.3,M491,0.0,0.0,0,0
1809,DEBIT,9959.63,C53_LOW,26565.62,40640.04,M282,0.0,0.0,0,0
1811,CASH_IN,4922.3,C11_HIGH,92930.04,30515.09,M282,0.0,0.0,0,0
1814,PAYMENT,1093.22,C15_HIGH,54522.58,21562.68,M728,0.0,0.0,0,0
1817,CASH_IN,9126.97,C8_HIGH,71824.63,5164.36,M174,0.0,0.0,0,0
1818,TRANSFER,7278.18,C32_HIGH,77946.48,938.24,M609,0.0,7278.18,0,0
1819,CASH_IN,9329.61,C30_HIGH,66795.98,13321.82,M816,0.0,0.0,0,0
1821,PAYMENT,5750.66,C189_LOW,52022.92,46995.55,M602,0.0,0.0,0,0
1823,PAYMENT,4045.09,C16_HIGH,73048.97,40613.78,M171,0.0,0.0,0,0
1826,CASH_OUT,43.04,C43_HIGH,95461.38,40898.83,M593,0.0,43.04,0,0
1827,TRANSFER,5357.69,C69_LOW,99168.54,16671.99,M410,0.0,5357.69,0,0
1829,CASH_IN,6326.4,C113_LOW,95923.56,4533.35,M647,0.0,0.0,0,0
1831,CASH_IN,8413.4,C27_LOW,76284.86,14497.93,M307,0.0,0.0,0,0
1832,TRANSFER,402.92,C46_HIGH,39032.2,9550.16,M812,0.0,402.92,0,0
1834,CASH_IN,6309.86,C72_LOW,36566.85,4243.12,M747,0.0,0.0,0,0
1836,CASH_OUT,1408.03,C17_HIGH,20116.18,35986.95,M707,0.0,1408.03,0,0
1837,PAYMENT,3893.79,C2_HIGH,79481.18,32170.38,M611,0.0,0.0,0,0
1840,PAYMENT,9666.08,C13_HIGH,2625.41,16964.26,M445,0.0,0.0,0,0
1843,CASH_IN,4061.02,C12_HIGH,21956.14,32692.5,M635,0.0,0.0,0,0
1845,TRANSFER,1498.05,C117_LOW,58355.23,46240.79,M137,0.0,1498.05,0,0
1848,CASH_OUT,4894.06,C96_LOW,2887.24,45358.94,M733,0.0,4894.06,0,0
1849,CASH_OUT,7015.96,C32_HIGH,13923.24,8612.45,M151,0.0,7015.96,0,0
1851,CASH_IN,4567.28,C16_HIGH,17898.25,29552.12,M937,0.0,0.0,0,0
1852,CASH_IN,4976.46,C19_HIGH,80118.35,11028.63,M923,0.0,0.0,0,0
1853,PAYMENT,3380.06,C7_HIGH,83753.7,36896.42,M511,0.0,0.0,0,0
1855,CASH_IN,9758.77,C37_HIGH,58020.73,6866.47,M956,0.0,0.0,0,0
1856,CASH_IN,5934.92,C27_HIGH,34214.87,6037.27,M244,0.0,0.0,0,0
1858,CASH_OUT,6965.99,C68_LOW,55787.37,21933.06,M695,0.0,6965.99,0,0
1859,CASH_OUT,1008.68,C29_HIGH,84889.3,30622.08,M896,0.0,1008.68,0,0
1860,CASH_IN,8797.47,C96_LOW,8991.54,361.2,M191,0.0,0.0,0,0
1863,TRANSFER,8870.28,C12_LOW,42206.0,40370.59,M891,0.0,8870.28,0,0
1865,CASH_OUT,2069.54,C19_LOW,64342.74,26154.34,M521,0.0,2069.54,0,0
1866,CASH_OUT,6109.27,C30_HIGH,4724.5,9000.02,M611,0.0,6109.27,0,0
1869,CASH_IN,6275.64,C164_LOW,78475.72,17392.68,M104,0.0,0.0,0,0
1872,CASH_OUT,1927.11,C41_HIGH,98673.75,48839.57,M733,0.0,1927.11,0,0
1874,TRANSFER,5080.33,C22_HIGH,46957.38,31323.21,M313,0.0,5080.33,0,0
1876,CASH_IN,1945.25,C167_LOW,79864.68,34262.19,M585,0.0,0.0,0,0
1878,CASH_OUT,1606.0,C36_HIGH,92344.63,2701.38,M472,0.0,1606.0,0,0
1880,CASH_OUT,4352.37,C5_LOW,34095.17,40257.68,M876,0.0,4352.37,0,0
1882,CASH_IN,1053.17,C9_HIGH,6193.2,26868.03,M261,0.0,0.0,0,0
1883,PAYMENT,5153.89,C36_HIGH,8015.09,11764.99,M555,0.0,0.0,0,0
1886,TRANSFER,3266.46,C3_HIGH,20676.39,33842.63,M433,0.0,3266.46,0,0
1887,CASH_IN,3268.06,C1_HIGH,10708.35,36887.39,M990,0.0,0.0,0,0
1888,PAYMENT,8914.74,C25_LOW,8279.44,29254.61,M155,0.0,0.0,0,0
1890,CASH_OUT,2169.49,C32_HIGH,61333.92,8903.04,M482,0.0,2169.49,0,0
1891,PAYMENT,7201.01,C40_LOW,63570.09,48777.79,M307,0.0,0.0,0,0
1893,CASH_OUT,330.63,C85_LOW,57297.92,14030.21,M213,0.0,330.63,0,0
1895,PAYMENT,4188.06,C172_LOW,76273.62,10992.68,M402,0.0,0.0,0,0
1898,CASH_OUT,7897.57,C45_HIGH,64161.92,30576.4,M274,0.0,7897.57,0,0
1901,TRANSFER,88913.45,C10_HIGH,85840.4,24460.67,M321,0.0,88913.45,1,0
1904,PAYMENT,8371.52,C44_HIGH,28637.92,36500.89,M853,0.0,0.0,0,0
1905,CASH_OUT,3279.69,C40_HIGH,58367.24,44591.13,M705,0.0,3279.69,0,0
1906,TRANSFER,8983.54,C121_LOW,42359.41,2211.21,M581,0.0,8983.54,0,0
1909,TRANSFER,345.87,C44_HIGH,53581.05,23963.47,M917,0.0,345.87,0,0
1912,CASH_IN,4529.89,C17_LOW,24810.64,27924.35,M112,0.0,0.0,0,0
1915,PAYMENT,9499.84,C23_HIGH,14138.49,14789.52,M763,0.0,0.0,0,0
1916,CASH_IN,4803.03,C20_HIGH,31178.82,35165.22,M978,0.0,0.0,1,0
1919,TRANSFER,253.89,C46_HIGH,46029.24,38591.75,M995,0.0,253.89,0,0
1922,PAYMENT,1857.61,C21_HIGH,87283.63,31340.55,M820,0.0,0.0,0,0
1925,CASH_IN,8605.22,C5_LOW,7999.16,44671.72,M440,0.0,0.0,0,0
1928,CASH_IN,2972.93,C30_LOW,75535.91,34902.75,M727,0.0,0.0,0,0
1931,TRANSFER,7946.84,C3_HIGH,78981.49,4047.95,M443,0.0,7946.84,0,0
1934,CASH_IN,5152.22,C44_HIGH,91090.41,18199.53,M152,0.0,0.0,0,0
1935,PAYMENT,3662.25,C10_HIGH,62294.21,18278.56,M279,0.0,0.0,1,0
1938,TRANSFER,7051.69,C11_HIGH,56515.06,38678.78,M241,0.0,7051.69,0,0
1940,CASH_OUT,5400.94,C186_LOW,65254.8,36869.0,M870,0.0,5400.94,0,0
1943,CASH_OUT,7534.2,C79_LOW,76327.7,16023.19,M373,0.0,7534.2,0,0
1946,PAYMENT,2778.68,C44_HIGH,7273.55,17261.33,M597,0.0,0.0,0,0
1949,TRANSFER,8297.3,C32_HIGH,47546.22,26595.22,M945,0.0,8297.3,0,0
1952,DEBIT,4525.26,C46_LOW,37446.44,33665.32,M809,0.0,0.0,0,0
1953,CASH_OUT,8920.11,C98_LOW,46329.54,4008.52,M283,0.0,8920.11,0,0
1955,CASH_IN,1102.56,C31_LOW,28318.33,34854.11,M608,0.0,0.0,0,0
1956,CASH_OUT,5211.67,C28_HIGH,63100.34,14658.47,M798,0.0,5211.67,0,0
1959,CASH_OUT,4744.31,C39_HIGH,42592.87,36885.46,M121,0.0,4744.31,0,0
1961,CASH_OUT,638.87,C49_HIGH,87307.58,11616.4,M632,0.0,638.87,0,0
1964,DEBIT,4122.8,C63_LOW,34936.46,32302.56,M434,0.0,0.0,0,0
1966,TRANSFER,6661.89,C45_HIGH,53486.46,27423.44,M568,0.0,6661.89,0,0
1968,TRANSFER,1328.22,C9_HIGH,79145.48,8586.86,M366,0.0,1328.22,0,0
1969,PAYMENT,3725.3,C21_HIGH,29526.48,42275.69,M251,0.0,0.0,0,0
1971,DEBIT,4564.71,C6_HIGH,17469.94,46206.58,M828,0.0,0.0,0,0
1974,DEBIT,1830.98,C9_HIGH,18360.58,35405.56,M782,0.0,0.0,0,0
1975,CASH_OUT,2386.67,C166_LOW,5073.99,15831.29,M229,0.0,2386.67,0,0
1977,DEBIT,3703.02,C41_HIGH,21310.38,35356.72,M781,0.0,0.0,0,0
1979,DEBIT,1487.96,C21_HIGH,45394.48,48773.28,M646,0.0,0.0,0,0
1981,CASH_IN,9205.14,C15_LOW,41051.67,24970.85,M248,0.0,0.0,0,0
1983,DEBIT,1568.97,C93_LOW,97044.87,27307.28,M619,0.0,0.0,0,0
1985,DEBIT,4744.37,C36_HIGH,29692.89,47200.48,M687,0.0,0.0,0,0
1988,CASH_OUT,7997.77,C8_HIGH,73125.83,46114.61,M446,0.0,7997.77,0,0
1991,CASH_IN,7319.09,C47_HIGH,90117.27,6971.16,M664,0.0,0.0,0,0
1992,DEBIT,257.71,C25_HIGH,62134.68,11018.24,M465,0.0,0.0,0,0
1993,DEBIT,559.79,C24_HIGH,64489.95,29171.57,M327,0.0,0.0,0,0
1995,CASH_OUT,235.26,C59_LOW,54302.82,22272.9,M787,0.0,235.26,0,0
1996,TRANSFER,3950.29,C33_HIGH,49556.07,30158.59,M623,0.0,3950.29,0,0
1997,DEBIT,3981.6,C92_LOW,71880.41,21382.02,M495,0.0,0.0,0,0
1999,CASH_IN,2853.66,C14_LOW,35784.15,48876.18,M995,0.0,0.0,0,0
2002,CASH_IN,2164.79,C40_LOW,88892.68,37076.38,M525,0.0,0.0,0,0
2004,DEBIT,1646.27,C12_HIGH,73072.07,44886.18,M846,0.0,0.0,0,0
2006,CASH_OUT,8356.76,C8_HIGH,60195.63,7181.96,M410,0.0,8356.76,0,0
2008,TRANSFER,9866.52,C199_LOW,7545.46,48004.76,M874,0.0,9866.52,0,0
2010,CASH_IN,76.12,C152_LOW,64241.79,13666.44,M279,0.0,0.0,0,0
2013,PAYMENT,7105.37,C36_LOW,75769.13,6846.35,M290,0.0,0.0,0,0
2015,DEBIT,5543.13,C84_LOW,5181.06,41312.42,M954,0.0,0.0,0,0
2018,DEBIT,4946.06,C27_HIGH,74245.75,11226.01,M910,0.0,0.0,0,0
2019,CASH_OUT,2634.14,C106_LOW,95646.63,41712.15,M583,0.0,2634.14,0,0
2020,DEBIT,4177.4,C79_LOW,49696.76,34392.16,M350,0.0,0.0,0,0
2021,CASH_IN,7649.54,C155_LOW,49811.97,48531.27,M713,0.0,0.0,0,0
2024,DEBIT,5814.85,C93_LOW,56991.88,43417.3,M743,0.0,0.0,0,0
2027,PAYMENT,9742.84,C41_HIGH,82009.8,18660.11,M850,0.0,0.0,0,0
2030,CASH_IN,8454.35,C168_LOW,17121.88,2925.52,M427,0.0,0.0,0,0
2032,CASH_OUT,3580.28,C18_HIGH,6235.94,18058.17,M751,0.0,3580.28,0,0
2034,CASH_IN,2905.66,C6_LOW,53431.62,46815.85,M626,0.0,0.0,0,0
2035,CASH_OUT,7649.25,C136_LOW,60277.49,8356.8,M430,0.0,7649.25,0,0
2037,DEBIT,2721.88,C23_HIGH,70098.78,18126.13,M647,0.0,0.0,0,0
2040,DEBIT,8234.92,C4_HIGH,2276.87,25908.54,M481,0.0,0.0,0,0
2042,PAYMENT,3409.73,C11_LOW,91168.01,5120.89,M258,0.0,0.0,0,0
2045,CASH_OUT,8317.42,C2_HIGH,79715.57,27932.76,M806,0.0,8317.42,0,0
2048,TRANSFER,7128.35,C84_LOW,70524.22,40129.01,M527,0.0,7128.35,0,0
2050,CASH_IN,1174.49,C35_HIGH,13991.98,868.97,M456,0.0,0.0,0,0
2052,DEBIT,1398.75,C137_LOW,44751.85,49379.09,M635,0.0,0.0,0,0
2054,CASH_OUT,7101.85,C21_HIGH,3847.19,40728.71,M327,0.0,7101.85,0,0
2055,CASH_OUT,6883.59,C153_LOW,31435.4,10492.05,M180,0.0,6883.59,0,0
2057,CASH_IN,786.58,C1_LOW,77694.54,37866.7,M143,0.0,0.0,0,0
2058,CASH_IN,337.6,C142_LOW,66319.1,29658.81,M580,0.0,0.0,0,0
2059,DEBIT,442.38,C116_LOW,30862.93,513.62,M198,0.0,0.0,0,0
2060,TRANSFER,2061.96,C4_HIGH,90216.31,9239.09,M459,0.0,2061.96,0,0
2061,CASH_IN,1464.11,C33_HIGH,74873.6,13868.78,M693,0.0,0.0,0,0
2063,DEBIT,1613.97,C25_HIGH,50562.81,36427.7,M347,0.0,0.0,0,0
2066,TRANSFER,692.69,C22_HIGH,82139.06,38162.2,M641,0.0,692.69,0,0
2067,CASH_OUT,9643.0,C102_LOW,18005.57,37700.89,M104,0.0,9643.0,0,0
2070,CASH_IN,9243.08,C31_HIGH,92127.24,42564.84,M586,0.0,0.0,0,0
2072,TRANSFER,1859.41,C30_LOW,67679.04,5366.23,M954,0.0,1859.41,0,0
2074,PAYMENT,4246.68,C19_LOW,51910.85,20378.9,M879,0.0,0.0,0,0
2076,CASH_IN,4664.36,C199_LOW,52453.03,24790.8,M469,0.0,0.0,0,0
2079,DEBIT,5575.75,C16_HIGH,5020.25,16405.77,M218,0.0,0.0,0,0
2081,DEBIT,4574.89,C85_LOW,73881.27,34352.33,M961,0.0,0.0,0,0
2083,CASH_OUT,5543.62,C42_HIGH,29768.34,42768.28,M293,0.0,5543.62,0,0
2084,PAYMENT,9391.43,C152_LOW,37376.7,639.29,M790,0.0,0.0,0,0
2086,CASH_IN,3969.73,C153_LOW,52743.58,33825.93,M222,0.0,0.0,0,0
2087,PAYMENT,4012.24,C8_HIGH,59465.17,5086.11,M272,0.0,0.0,0,0
2088,DEBIT,9752.32,C17_HIGH,34524.53,29748.04,M513,0.0,0.0,0,0
2089,CASH_OUT,8382.71,C35_HIGH,72794.85,13925.92,M830,0.0,8382.71,0,0
2092,TRANSFER,2737.0,C197_LOW,79159.78,32191.56,M509,0.0,2737.0,0,0
2094,PAYMENT,6670.1,C141_LOW,95063.74,49376.16,M623,0.0,0.0,0,0
2096,CASH_OUT,7682.32,C24_HIGH,11695.63,12534.49,M609,0.0,7682.32,0,0
2097,CASH_OUT,382009.26,C10_HIGH,83200.93,24906.75,M127,0.0,382009.26,1,0
2098,PAYMENT,6049.79,C152_LOW,33368.63,15137.63,M738,0.0,0.0,0,0
2099,CASH_IN,6614.2,C30_HIGH,52474.94,24609.38,M577,0.0,0.0,0,0
2100,DEBIT,6624.31,C32_HIGH,49534.79,13083.26,M451,0.0,0.0,0,0
2103,TRANSFER,186.53,C102_LOW,76632.53,49535.58,M221,0.0,186.53,0,0
2105,PAYMENT,3152.45,C46_HIGH,38257.32,22982.81,M133,0.0,0.0,0,0
2106,TRANSFER,6597.52,C31_HIGH,78158.86,44235.01,M268,0.0,6597.52,0,0
2108,PAYMENT,1353.54,C35_HIGH,71856.6,24372.75,M212,0.0,0.0,0,0
2111,PAYMENT,6604.19,C11_HIGH,68852.04,28610.51,M587,0.0,0.0,0,0
2114,CASH_OUT,5071.78,C80_LOW,39747.1,24734.56,M486,0.0,5071.78,0,0
2117,DEBIT,7667.04,C3_HIGH,29159.32,3071.2,M704,0.0,0.0,0,0
2118,CASH_OUT,8370.97,C75_LOW,35538.8,37102.86,M127,0.0,8370.97,0,0
2121,DEBIT,3811.93,C23_HIGH,43386.67,49597.28,M521,0.0,0.0,0,0
2123,CASH_IN,6615.79,C5_HIGH,25513.78,32404.14,M706,0.0,0.0,0,0
2124,CASH_IN,8690.71,C151_LOW,12332.66,8488.96,M651,0.0,0.0,0,0
2126,CASH_IN,4614.48,C35_LOW,86473.48,28402.47,M531,0.0,0.0,0,0
2128,CASH_IN,6962.63,C41_LOW,59210.93,49288.24,M486,0.0,0.0,0,0
2131,PAYMENT,3230.99,C75_LOW,10674.84,24417.93,M807,0.0,0.0,0,0
2134,CASH_OUT,3366.31,C104_LOW,50774.08,38245.2,M447,0.0,3366.31,0,0
2135,TRANSFER,3002.21,C43_LOW,96973.35,10087.93,M750,0.0,3002.21,0,0
2136,TRANSFER,2148.66,C36_HIGH,27250.35,14866.01,M687,0.0,2148.66,0,0
2138,CASH_OUT,6249.48,C17_HIGH,95836.17,35885.34,M692,0.0,6249.48,0,0
2139,TRANSFER,3375.01,C33_HIGH,7659.71,40059.28,M586,0.0,3375.01,0,0
2141,CASH_OUT,3479.69,C7_HIGH,8589.5,41186.95,M616,0.0,3479.69,0,0
2143,PAYMENT,6637.93,C40_HIGH,32021.94,20715.71,M357,0.0,0.0,0,0
2146,TRANSFER,4537.75,C16_HIGH,76580.78,9030.04,M119,0.0,4537.75,0,0
2149,TRANSFER,8628.47,C171_LOW,58107.49,10647.64,M943,0.0,8628.47,0,0
2152,PAYMENT,2686.68,C160_LOW,64154.71,40446.67,M973,0.0,0.0,0,0
2154,TRANSFER,7268.88,C4_HIGH,6928.28,10032.4,M573,0.0,7268.88,0,0
2155,CASH_OUT,1513.22,C144_LOW,68845.36,15013.78,M545,0.0,1513.22,0,0
2157,DEBIT,8603.26,C37_LOW,91202.64,31696.37,M966,0.0,0.0,0,0
2159,DEBIT,8238.87,C35_LOW,64958.22,12822.33,M715,0.0,0.0,0,0
2160,PAYMENT,2392.45,C40_HIGH,15846.26,1385.21,M916,0.0,0.0,0,0
2162,PAYMENT,4858.97,C16_HIGH,99138.02,21100.96,M137,0.0,0.0,0,0
2163,CASH_OUT,2734.39,C2_HIGH,3885.04,39483.49,M384,0.0,2734.39,0,0
2166,TRANSFER,1768.09,C31_HIGH,85399.58,48189.34,M597,0.0,1768.09,0,0
2167,CASH_IN,8597.24,C27_HIGH,9309.02,30079.99,M987,0.0,0.0,0,0
2168,PAYMENT,8968.76,C7_HIGH,67495.54,44285.97,M506,0.0,0.0,0,0
2171,CASH_OUT,2368.05,C164_LOW,57526.36,25012.43,M223,0.0,2368.05,0,0
2174,TRANSFER,9497.25,C19_HIGH,93224.01,12590.4,M192,0.0,9497.25,0,0
2175,TRANSFER,1231.55,C36_HIGH,80862.04,16464.3,M698,0.0,1231.55,0,0
2178,PAYMENT,8060.36,C154_LOW,74651.94,46775.0,M323,0.0,0.0,0,0
2179,CASH_IN,1759.79,C25_HIGH,97022.42,21973.77,M360,0.0,0.0,0,0
2182,CASH_IN,4908.68,C12_HIGH,38095.79,47435.54,M424,0.0,0.0,0,0
2185,PAYMENT,4753.79,C13_HIGH,25388.32,13886.69,M903,0.0,0.0,0,0
2186,DEBIT,4757.47,C16_HIGH,37406.19,15408.57,M760,0.0,0.0,0,0
2189,CASH_IN,8416.31,C19_HIGH,66560.12,47042.41,M807,0.0,0.0,0,0
2192,CASH_OUT,2537.3,C188_LOW,39084.33,31947.45,M817,0.0,2537.3,0,0
2194,CASH_IN,5353.76,C56_LOW,24401.81,22120.14,M108,0.0,0.0,0,0
2196,DEBIT,3015.87,C33_HIGH,93695.92,37833.4,M404,0.0,0.0,0,0
2197,CASH_OUT,9159.75,C6_HIGH,63503.92,43973.36,M885,0.0,9159.75,0,0
2200,PAYMENT,7895.28,C0_HIGH,28129.62,4004.73,M898,0.0,0.0,0,0
2202,PAYMENT,7372.05,C108_LOW,92723.22,16636.11,M532,0.0,0.0,0,0
2203,CASH_OUT,6987.84,C14_HIGH,51127.12,17592.82,M716,0.0,6987.84,0,0
2206,TRANSFER,7380.48,C21_HIGH,45872.91,1367.54,M153,0.0,7380.48,0,0
2209,CASH_OUT,6305.26,C119_LOW,79310.91,6804.61,M510,0.0,6305.26,0,0
2210,DEBIT,3144.08,C36_LOW,9140.97,7891.12,M628,0.0,0.0,0,0
2213,CASH_OUT,8471.13,C36_HIGH,68889.58,39632.11,M427,0.0,8471.13,0,0
2215,PAYMENT,8736.32,C0_HIGH,14217.47,8673.95,M707,0.0,0.0,0,0
2217,DEBIT,1994.65,C4_HIGH,42035.15,9094.46,M997,0.0,0.0,0,0
2219,TRANSFER,2252.63,C138_LOW,94862.81,46155.62,M762,0.0,2252.63,0,0
2222,CASH_OUT,9069.38,C19_HIGH,97438.63,9913.31,M818,0.0,9069.38,0,0
2223,CASH_IN,4016.34,C48_HIGH,43461.43,13007.89,M191,0.0,0.0,0,0
2225,CASH_OUT,9472.96,C159_LOW,12617.7,35929.17,M545,0.0,9472.96,0,0
2227,PAYMENT,1193.94,C136_LOW,71642.81,9527.21,M982,0.0,0.0,0,0
2229,DEBIT,7466.97,C14_HIGH,38825.28,21565.43,M311,0.0,0.0,0,0
2232,CASH_OUT,9952.12,C18_HIGH,29013.76,33859.43,M528,0.0,9952.12,0,0
2233,PAYMENT,7926.71,C97_LOW,3848.54,48806.41,M341,0.0,0.0,0,0
2236,PAYMENT,9074.21,C131_LOW,37594.14,34213.35,M569,0.0,0.0,0,0
2237,CASH_IN,4694.13,C38_HIGH,87272.9,48719.96,M507,0.0,0.0,0,0
2240,CASH_OUT,7136.23,C43_HIGH,71136.86,36805.21,M362,0.0,7136.23,0,0
2241,CASH_IN,5574.43,C18_HIGH,6159.15,46553.23,M582,0.0,0.0,0,0
2243,TRANSFER,9393.83,C34_HIGH,96753.77,29911.6,M866,0.0,9393.83,0,0
2244,CASH_IN,2544.03,C47_HIGH,62346.13,15125.37,M504,0.0,0.0,0,0
2247,DEBIT,1331.06,C70_LOW,89330.37,2056.25,M283,0.0,0.0,0,0
2249,CASH_OUT,5042.43,C58_LOW,93102.37,43894.84,M235,0.0,5042.43,0,0
2250,DEBIT,7105.45,C17_HIGH,43860.04,13020.3,M420,0.0,0.0,0,0
2251,CASH_OUT,4997.11,C31_HIGH,97363.78,14050.03,M469,0.0,4997.11,0,0
2253,DEBIT,9028.9,C4_HIGH,27058.42,41479.46,M370,0.0,0.0,0,0
2256,DEBIT,4363.4,C45_HIGH,17333.4,36843.46,M603,0.0,0.0,0,0
2257,TRANSFER,8531.81,C26_LOW,66084.53,39911.01,M154,0.0,8531.81,0,0
2258,CASH_OUT,555.13,C31_HIGH,19130.99,23512.38,M267,0.0,555.13,0,0
2261,PAYMENT,4369.93,C39_HIGH,99524.97,46360.32,M141,0.0,0.0,0,0
2263,DEBIT,9888.3,C40_HIGH,56524.6,22887.99,M215,0.0,0.0,0,0
2266,CASH_OUT,1245.31,C30_HIGH,10264.21,43408.66,M284,0.0,1245.31,0,0
2267,TRANSFER,8227.49,C14_HIGH,56761.49,33156.88,M317,0.0,8227.49,0,0
2270,CASH_IN,5264.89,C40_LOW,57507.99,20820.95,M178,0.0,0.0,0,0
2271,PAYMENT,6772.32,C16_HIGH,88849.4,1298.11,M797,0.0,0.0,0,0
2274,CASH_IN,3947.76,C22_HIGH,59443.51,47560.99,M957,0.0,0.0,0,0
2276,CASH_OUT,298.46,C87_LOW,46563.08,35385.33,M591,0.0,298.46,0,0
2278,DEBIT,5946.1,C29_LOW,1574.73,48488.53,M771,0.0,0.0,0,0
2281,PAYMENT,3255.91,C176_LOW,73422.98,36715.98,M916,0.0,0.0,0,0
2284,CASH_OUT,2121.55,C2_HIGH,5819.54,32182.2,M430,0.0,2121.55,0,0
2285,CASH_IN,5476.09,C17_HIGH,60626.86,4627.55,M361,0.0,0.0,0,0
2286,CASH_OUT,9650.84,C42_HIGH,86686.04,4459.42,M972,0.0,9650.84,0,0
2287,CASH_OUT,3891.14,C166_LOW,40837.23,32358.4,M769,0.0,3891.14,0,0
2288,CASH_IN,2992.48,C110_LOW,80308.94,36794.46,M417,0.0,0.0,0,0
2291,TRANSFER,1321.55,C19_HIGH,66886.51,41602.64,M624,0.0,1321.55,0,0
2292,PAYMENT,4459.97,C45_HIGH,39420.86,13423.97,M714,0.0,0.0,0,0
2294,CASH_IN,7567.34,C7_HIGH,81288.44,30693.39,M544,0.0,0.0,0,0
2297,PAYMENT,938.55,C38_HIGH,51820.8,48663.59,M792,0.0,0.0,0,0
2298,CASH_OUT,9307.37,C17_HIGH,53200.59,32361.27,M185,0.0,9307.37,0,0
2300,PAYMENT,4379.18,C196_LOW,90813.56,23880.57,M252,0.0,0.0,0,0
2301,DEBIT,8416.96,C16_LOW,52786.11,14774.08,M148,0.0,0.0,0,0
2304,CASH_IN,9173.85,C34_HIGH,51828.04,25532.58,M522,0.0,0.0,0,0
2305,PAYMENT,6611.94,C131_LOW,57279.34,12669.02,M360,0.0,0.0,0,0
2308,CASH_IN,7688.78,C43_HIGH,2610.6,37025.81,M573,0.0,0.0,0,0
2309,CASH_OUT,8430.67,C49_HIGH,5480.61,20812.58,M821,0.0,8430.67,0,0
2311,DEBIT,5876.21,C4_HIGH,46044.82,33512.99,M738,0.0,0.0,0,0
2313,DEBIT,9667.53,C26_HIGH,87263.14,9359.59,M289,0.0,0.0,0,0
2314,TRANSFER,2600.58,C37_HIGH,67667.47,21689.95,M118,0.0,2600.58,0,0
2315,PAYMENT,1175.62,C86_LOW,18001.8,23855.99,M808,0.0,0.0,0,0
2317,TRANSFER,7261.85,C105_LOW,30977.2,40656.62,M731,0.0,7261.85,0,0
2319,PAYMENT,8048.36,C37_HIGH,9675.88,6755.7,M295,0.0,0.0,0,0
2320,CASH_IN,6963.36,C185_LOW,19633.89,1340.76,M592,0.0,0.0,0,0
2323,CASH_OUT,6500.9,C186_LOW,44143.06,31302.96,M908,0.0,6500.9,0,0
2326,CASH_OUT,870.07,C32_LOW,77202.39,7408.28,M532,0.0,870.07,0,0
2327,CASH_IN,1669.39,C40_HIGH,16089.8,35129.91,M596,0.0,0.0,0,0
2329,CASH_IN,8599.37,C34_HIGH,58937.4,10066.92,M683,0.0,0.0,0,0
2331,CASH_IN,3345.16,C184_LOW,11163.69,42381.48,M542,0.0,0.0,0,0
2333,PAYMENT,7373.41,C30_HIGH,59988.12,27715.23,M397,0.0,0.0,0,0
2334,PAYMENT,4002.81,C107_LOW,51822.22,36230.71,M794,0.0,0.0,0,0
2336,CASH_OUT,7145.76,C3_HIGH,53302.57,21100.23,M423,0.0,7145.76,0,0
2339,CASH_IN,2685.81,C0_HIGH,65181.73,44457.03,M219,0.0,0.0,0,0
2341,TRANSFER,9390.26,C127_LOW,35329.65,34875.72,M121,0.0,9390.26,0,0
2342,DEBIT,7264.83,C107_LOW,47454.8,21905.53,M619,0.0,0.0,0,0
2343,TRANSFER,9091.61,C4_HIGH,34576.15,30105.01,M962,0.0,9091.61,0,0
2346,PAYMENT,1320.27,C11_HIGH,30046.01,35569.26,M526,0.0,0.0,0,0
2349,DEBIT,7961.77,C147_LOW,80175.75,42226.56,M736,0.0,0.0,0,0
2350,DEBIT,6910.07,C187_LOW,9533.0,24144.49,M277,0.0,0.0,0,0
2351,CASH_OUT,6061.43,C25_HIGH,10989.47,20799.22,M605,0.0,6061.43,0,0
2353,CASH_OUT,2102.24,C74_LOW,5657.88,906.53,M367,0.0,2102.24,0,0
2355,CASH_OUT,1755.4,C37_HIGH,86086.71,25173.94,M926,0.0,1755.4,0,0
2356,DEBIT,4311.9,C118_LOW,62138.73,6034.4,M329,0.0,0.0,0,0
2358,DEBIT,9936.69,C151_LOW,78703.69,38468.7,M888,0.0,0.0,0,0
2361,DEBIT,8964.21,C176_LOW,85487.41,43684.78,M718,0.0,0.0,0,0
2364,CASH_IN,7066.99,C42_HIGH,92736.58,21891.34,M568,0.0,0.0,0,0
2365,CASH_IN,7818.71,C9_HIGH,61355.93,42919.37,M204,0.0,0.0,0,0
2368,CASH_IN,5077.98,C23_HIGH,17537.58,5902.97,M310,0.0,0.0,0,0
2370,CASH_OUT,7286.21,C44_HIGH,71108.17,38098.23,M610,0.0,7286.21,0,0
2373,CASH_IN,1551.41,C24_LOW,37009.95,40958.04,M225,0.0,0.0,0,0
2374,PAYMENT,9696.67,C24_HIGH,77152.71,329.38,M954,0.0,0.0,0,0
2376,DEBIT,2874.72,C1_HIGH,17954.92,13300.78,M832,0.0,0.0,0,0
2378,DEBIT,6298.11,C10_HIGH,25299.68,37660.31,M642,0.0,0.0,1,0
2380,CASH_OUT,1388.56,C156_LOW,43453.46,45901.0,M569,0.0,1388.56,0,0
2383,DEBIT,9437.97,C41_LOW,44815.29,38507.59,M834,0.0,0.0,0,0
2386,CASH_IN,856.93,C67_LOW,32165.65,49097.25,M268,0.0,0.0,0,0
2388,CASH_IN,3938.73,C25_HIGH,4672.28,46125.94,M254,0.0,0.0,0,0
2391,CASH_IN,9777.55,C82_LOW,98024.66,39953.54,M996,0.0,0.0,0,0
2394,DEBIT,4198.86,C158_LOW,88692.5,35039.52,M994,0.0,0.0,0,0
2396,DEBIT,9093.22,C43_HIGH,1782.32,13989.04,M640,0.0,0.0,0,0
2399,CASH_OUT,7005.95,C39_HIGH,45172.72,10256.68,M657,0.0,7005.95,0,0
2402,TRANSFER,6523.85,C33_LOW,70049.63,44383.74,M900,0.0,6523.85,0,0
2405,PAYMENT,7756.25,C181_LOW,88216.49,4214.05,M650,0.0,0.0,0,0
2407,PAYMENT,7253.74,C47_HIGH,74265.17,6300.28,M653,0.0,0.0,0,0
2409,CASH_OUT,937.27,C168_LOW,55626.8,26066.79,M875,0.0,937.27,0,0
2412,CASH_OUT,243.98,C180_LOW,89141.61,26996.63,M364,0.0,243.98,0,0
2413,DEBIT,7267.83,C169_LOW,98708.52,5522.1,M161,0.0,0.0,0,0
2415,DEBIT,6273.63,C20_HIGH,36092.86,2386.64,M766,0.0,0.0,1,0
2416,PAYMENT,2986.63,C14_LOW,73949.01,22657.36,M341,0.0,0.0,0,0
2419,TRANSFER,5660.32,C38_HIGH,89539.55,31387.22,M646,0.0,5660.32,0,0
2422,CASH_OUT,3509.87,C194_LOW,29169.01,39239.46,M832,0.0,3509.87,0,0
2425,CASH_OUT,283849.99,C20_HIGH,25515.7,16392.35,M696,0.0,283849.99,1,0
2426,DEBIT,4548.55,C37_HIGH,15508.77,21284.61,M521,0.0,0.0,0,0
2427,CASH_IN,631.31,C52_LOW,88962.42,23812.65,M556,0.0,0.0,0,0
2428,DEBIT,6771.46,C196_LOW,40872.62,27948.42,M897,0.0,0.0,0,0
2430,DEBIT,5847.19,C26_HIGH,64009.65,49825.59,M805,0.0,0.0,0,0
2432,PAYMENT,8239.88,C14_HIGH,15290.27,6356.2,M828,0.0,0.0,0,0
2434,CASH_OUT,9680.64,C38_HIGH,51805.36,26457.06,M811,0.0,9680.64,0,0
2435,PAYMENT,4738.82,C18_HIGH,74903.13,47203.48,M478,0.0,0.0,0,0
2436,TRANSFER,99651.27,C20_HIGH,37589.01,14479.53,M635,0.0,99651.27,1,0
2437,CASH_IN,3720.96,C45_HIGH,99110.99,15163.0,M597,0.0,0.0,0,0
2438,CASH_OUT,1429.98,C14_HIGH,59372.8,2432.55,M412,0.0,1429.98,0,0
2440,CASH_OUT,1838.94,C173_LOW,74226.37,104.29,M660,0.0,1838.94,0,0
2442,CASH_IN,8705.56,C21_HIGH,42339.94,28652.95,M679,0.0,0.0,0,0
2444,DEBIT,7815.68,C134_LOW,48047.53,36001.67,M720,0.0,0.0,0,0
2445,CASH_OUT,5052.59,C43_HIGH,46632.68,22496.47,M559,0.0,5052.59,0,0
2446,DEBIT,902.26,C42_HIGH,62852.27,31179.47,M496,0.0,0.0,0,0
2447,PAYMENT,3396.59,C31_HIGH,5536.15,33522.19,M553,0.0,0.0,0,0
2450,DEBIT,6462.71,C10_HIGH,86729.4,35360.43,M685,0.0,0.0,1,0
2453,DEBIT,5614.83,C7_HIGH,13254.38,27967.64,M297,0.0,0.0,0,0
2456,TRANSFER,5772.79,C47_HIGH,6234.56,28512.22,M293,0.0,5772.79,0,0
2458,TRANSFER,8969.67,C124_LOW,12908.03,46809.09,M284,0.0,8969.67,0,0
2459,DEBIT,7869.7,C59_LOW,25283.38,35280.89,M693,0.0,0.0,0,0
2461,CASH_IN,8071.14,C97_LOW,61078.63,20089.89,M146,0.0,0.0,0,0
2463,CASH_IN,3406.17,C14_HIGH,18870.29,1202.85,M640,0.0,0.0,0,0
2465,PAYMENT,2579.21,C85_LOW,12349.82,4966.68,M272,0.0,0.0,0,0
2467,CASH_OUT,1834.86,C38_HIGH,77062.16,7711.37,M517,0.0,1834.86,0,0
2470,CASH_OUT,598.55,C11_HIGH,96151.21,9072.89,M830,0.0,598.55,0,0
2471,DEBIT,3905.5,C42_LOW,32684.1,20641.14,M431,0.0,0.0,0,0
2473,PAYMENT,9416.36,C33_HIGH,90050.65,2593.91,M345,0.0,0.0,0,0
2476,TRANSFER,2372.55,C66_LOW,51353.51,25221.06,M217,0.0,2372.55,0,0
2478,CASH_IN,3190.18,C80_LOW,55758.99,3272.91,M129,0.0,0.0,0,0
2480,CASH_OUT,9138.21,C94_LOW,2843.66,27703.76,M700,0.0,9138.21,0,0
2483,CASH_IN,2470.7,C38_HIGH,55916.04,39260.71,M411,0.0,0.0,0,0
2486,PAYMENT,4465.36,C125_LOW,84781.51,25021.62,M901,0.0,0.0,0,0
2487,DEBIT,5408.99,C173_LOW,17650.64,12258.07,M533,0.0,0.0,0,0
2490,PAYMENT,427.5,C12_HIGH,81451.73,48055.72,M735,0.0,0.0,0,0
2492,CASH_OUT,15.42,C7_HIGH,93417.17,24109.31,M712,0.0,15.42,0,0
2494,PAYMENT,9992.43,C90_LOW,84401.43,10637.71,M960,0.0,0.0,0,0
2497,DEBIT,464.39,C41_HIGH,74179.11,28154.08,M407,0.0,0.0,0,0
2498,PAYMENT,6987.31,C195_LOW,83219.31,36253.69,M386,0.0,0.0,0,0
2500,CASH_OUT,6108.35,C25_HIGH,95784.3,15915.2,M798,0.0,6108.35,0,0
2502,DEBIT,9796.61,C148_LOW,71067.66,13650.66,M778,0.0,0.0,0,0
2504,DEBIT,2114.13,C176_LOW,95940.28,16422.86,M808,0.0,0.0,0,0
2505,CASH_IN,6091.78,C43_HIGH,1423.65,478.93,M277,0.0,0.0,0,0
2507,TRANSFER,8953.73,C18_HIGH,70626.67,38123.26,M651,0.0,8953.73,0,0
2508,CASH_IN,5391.11,C40_HIGH,89364.65,40802.83,M555,0.0,0.0,0,0
2511,CASH_IN,3536.42,C29_HIGH,81465.34,41373.34,M466,0.0,0.0,0,0
2513,CASH_OUT,8393.07,C43_HIGH,81375.1,49189.78,M227,0.0,8393.07,0,0
2515,DEBIT,9363.12,C29_HIGH,45013.19,11076.04,M120,0.0,0.0,0,0
2517,DEBIT,1923.2,C39_HIGH,81811.8,31261.83,M927,0.0,0.0,0,0
2520,CASH_OUT,2350.24,C0_LOW,49887.06,18149.96,M387,0.0,2350.24,0,0
2522,TRANSFER,2098.77,C13_HIGH,20412.59,41056.17,M505,0.0,2098.77,0,0
2523,DEBIT,5695.33,C26_LOW,49907.12,27589.26,M775,0.0,0.0,0,0
2526,TRANSFER,6725.03,C1_HIGH,60694.28,8776.44,M702,0.0,6725.03,0,0
2527,CASH_IN,1283.03,C86_LOW,93422.78,42773.95,M635,0.0,0.0,0,0
2530,DEBIT,1926.6,C104_LOW,68119.89,49597.57,M809,0.0,0.0,0,0
2533,TRANSFER,6148.42,C30_HIGH,68387.36,44155.1,M102,0.0,6148.42,0,0
2535,CASH_IN,8540.06,C15_HIGH,32976.93,42217.08,M516,0.0,0.0,0,0
2537,CASH_IN,6804.93,C76_LOW,47192.09,18073.59,M877,0.0,0.0,0,0
2538,CASH_OUT,479.18,C177_LOW,91920.76,26620.51,M423,0.0,479.18,0,0
2539,PAYMENT,1954.14,C50_LOW,9099.08,28590.98,M125,0.0,0.0,0,0
2542,CASH_OUT,9781.18,C11_HIGH,42958.21,3722.02,M355,0.0,9781.18,0,0
2543,CASH_OUT,3298.95,C17_HIGH,7221.57,31264.74,M128,0.0,3298.95,0,0
2545,PAYMENT,8082.51,C39_LOW,59660.55,31314.86,M442,0.0,0.0,0,0
2547,CASH_OUT,1087.33,C15_HIGH,24597.56,17040.1,M155,0.0,1087.33,0,0
2549,TRANSFER,7943.17,C25_LOW,94411.21,38787.47,M734,0.0,7943.17,0,0
2551,CASH_IN,6257.23,C39_HIGH,58314.51,4276.73,M162,0.0,0.0,0,0
2552,PAYMENT,3139.66,C6_HIGH,84921.52,3251.41,M230,0.0,0.0,0,0
2553,PAYMENT,557.34,C129_LOW,61463.13,21591.95,M204,0.0,0.0,0,0
2556,CASH_IN,5596.99,C23_HIGH,30196.76,19072.77,M198,0.0,0.0,0,0
2559,PAYMENT,2338.79,C90_LOW,60358.01,32986.2,M110,0.0,0.0,0,0
2561,PAYMENT,4647.45,C1_HIGH,43382.47,31010.54,M203,0.0,0.0,0,0
2563,CASH_IN,4546.23,C198_LOW,33491.17,9624.07,M205,0.0,0.0,0,0
2564,TRANSFER,7135.86,C166_LOW,59695.76,42038.97,M686,0.0,7135.86,0,0
2565,TRANSFER,2570.3,C124_LOW,42679.69,36231.15,M555,0.0,2570.3,0,0
2566,CASH_OUT,1385.35,C99_LOW,5363.01,6384.04,M698,0.0,1385.35,0,0
2568,TRANSFER,9597.82,C34_HIGH,75682.99,15559.41,M654,0.0,9597.82,0,0
2569,CASH_OUT,4700.54,C23_HIGH,60729.62,14553.2,M108,0.0,4700.54,0,0
2572,TRANSFER,6580.19,C133_LOW,15315.44,11869.37,M938,0.0,6580.19,0,0
2575,CASH_IN,4226.39,C14_HIGH,20345.31,10018.6,M306,0.0,0.0,0,0
2576,DEBIT,1901.66,C83_LOW,48096.78,34592.05,M578,0.0,0.0,0,0
2579,DEBIT,8521.57,C158_LOW,57043.59,16783.02,M406,0.0,0.0,0,0
2581,DEBIT,1631.18,C20_LOW,45975.91,39459.57,M143,0.0,0.0,0,0
2583,CASH_OUT,9200.34,C31_HIGH,64237.94,34661.03,M577,0.0,9200.34,0,0
2586,CASH_OUT,2397.8,C38_HIGH,73724.03,47629.41,M439,0.0,2397.8,0,0
2589,PAYMENT,2061.11,C30_HIGH,19240.21,49493.9,M471,0.0,0.0,0,0
2590,CASH_IN,3585.29,C21_LOW,55914.47,7120.1,M550,0.0,0.0,0,0
2591,TRANSFER,9127.96,C187_LOW,36631.01,48765.46,M303,0.0,9127.96,0,0
2592,DEBIT,1749.72,C27_HIGH,88652.84,35941.83,M447,0.0,0.0,0,0
2595,CASH_OUT,1793.63,C13_HIGH,3127.71,42144.07,M203,0.0,1793.63,0,0
2596,CASH_OUT,3795.44,C24_HIGH,78953.99,5548.45,M315,0.0,3795.44,0,0
2598,PAYMENT,2409.1,C46_HIGH,81139.29,33045.44,M639,0.0,0.0,0,0
2601,PAYMENT,8785.09,C36_HIGH,7472.37,7221.61,M233,0.0,0.0,0,0
2602,CASH_OUT,5330.22,C10_LOW,69741.04,15897.58,M539,0.0,5330.22,0,0
2605,CASH_OUT,9210.93,C43_LOW,76545.16,29366.29,M974,0.0,9210.93,0,0
2608,DEBIT,7897.98,C33_HIGH,33440.38,2662.95,M914,0.0,0.0,0,0
2610,CASH_OUT,8516.51,C111_LOW,96870.05,44291.71,M314,0.0,8516.51,0,0
2613,CASH_IN,7848.81,C41_HIGH,79308.72,30744.32,M271,0.0,0.0,0,0
2616,PAYMENT,7515.57,C17_LOW,64862.08,25457.93,M610,0.0,0.0,0,0
2619,PAYMENT,1798.2,C195_LOW,71536.2,26273.78,M594,0.0,0.0,0,0
2622,PAYMENT,4742.84,C77_LOW,58537.48,31905.28,M909,0.0,0.0,0,0
2625,CASH_IN,2079.92,C197_LOW,89593.58,22604.0,M340,0.0,0.0,0,0
2627,CASH_OUT,3066.93,C38_HIGH,88982.18,28568.52,M962,0.0,3066.93,0,0
2629,DEBIT,5510.01,C103_LOW,14298.7,4201.41,M555,0.0,0.0,0,0
2632,DEBIT,2309.47,C178_LOW,5073.15,25613.1,M444,0.0,0.0,0,0
2634,PAYMENT,4680.83,C5_HIGH,41486.32,40225.22,M424,0.0,0.0,0,0
2636,PAYMENT,256.93,C193_LOW,44727.16,13281.24,M177,0.0,0.0,0,0
2638,CASH_IN,2952.23,C42_HIGH,50674.73,27332.59,M180,0.0,0.0,0,0
2640,CASH_OUT,993.11,C42_HIGH,8063.52,1914.07,M305,0.0,993.11,0,0
2642,CASH_OUT,6754.32,C139_LOW,25752.34,37260.57,M886,0.0,6754.32,0,0
2645,DEBIT,1914.52,C10_LOW,60799.37,6893.26,M975,0.0,0.0,0,0
2648,TRANSFER,9124.7,C22_LOW,1844.85,14973.71,M942,0.0,9124.7,0,0
2650,PAYMENT,9458.69,C35_HIGH,82364.27,37890.3,M112,0.0,0.0,0,0
2652,TRANSFER,9892.85,C44_HIGH,95197.4,43273.31,M333,0.0,9892.85,0,0
2653,CASH_OUT,4749.64,C161_LOW,52066.71,39298.73,M875,0.0,4749.64,0,0
2655,PAYMENT,3413.19,C32_HIGH,9501.71,42290.08,M539,0.0,0.0,0,0
2658,PAYMENT,2103.75,C35_HIGH,45547.22,27922.34,M483,0.0,0.0,0,0
2659,TRANSFER,8738.76,C48_HIGH,31251.62,36890.25,M611,0.0,8738.76,0,0
2662,DEBIT,3404.82,C21_LOW,42495.58,34288.14,M513,0.0,0.0,0,0
2665,TRANSFER,3003.38,C46_HIGH,59108.55,28378.87,M132,0.0,3003.38,0,0
2666,CASH_OUT,9772.66,C186_LOW,99431.48,28409.54,M918,0.0,9772.66,0,0
2669,TRANSFER,5743.05,C19_HIGH,39697.7,19065.93,M500,0.0,5743.05,0,0
2670,TRANSFER,3870.47,C14_HIGH,48002.99,16442.07,M562,0.0,3870.47,0,0
2673,DEBIT,941.48,C14_HIGH,11327.0,27645.34,M132,0.0,0.0,0,0
2676,TRANSFER,4891.25,C49_HIGH,19482.52,3474.55,M495,0.0,4891.25,0,0
2678,CASH_OUT,2338.06,C140_LOW,66297.42,3498.97,M158,0.0,2338.06,0,0
2680,TRANSFER,120.36,C110_LOW,33350.43,45490.62,M500,0.0,120.36,0,0
2681,CASH_IN,1300.09,C2_HIGH,42422.91,37157.14,M498,0.0,0.0,0,0
2682,CASH_OUT,8705.79,C27_HIGH,31665.96,40894.81,M780,0.0,8705.79,0,0
2684,CASH_OUT,6041.06,C146_LOW,93976.27,29374.6,M614,0.0,6041.06,0,0
2687,PAYMENT,2761.66,C34_HIGH,1736.89,7134.6,M165,0.0,0.0,0,0
2689,TRANSFER,8077.58,C195_LOW,53059.79,45515.13,M602,0.0,8077.58,0,0
2691,PAYMENT,5765.57,C93_LOW,73991.78,14395.59,M567,0.0,0.0,0,0
2693,DEBIT,3916.99,C0_HIGH,82519.53,42492.19,M525,0.0,0.0,0,0
2694,CASH_OUT,9000.65,C100_LOW,73591.15,22891.41,M774,0.0,9000.65,0,0
2695,TRANSFER,964.39,C47_LOW,70165.83,2183.22,M991,0.0,964.39,0,0
2696,DEBIT,8826.73,C46_HIGH,54236.02,33332.85,M168,0.0,0.0,0,0
2699,CASH_OUT,9088.28,C46_HIGH,41716.54,38093.04,M224,0.0,9088.28,0,0
2701,CASH_IN,7556.41,C29_HIGH,50935.09,38975.53,M519,0.0,0.0,0,0
2703,CASH_OUT,2535.14,C27_HIGH,51100.39,23108.37,M174,0.0,2535.14,0,0
2706,PAYMENT,3817.74,C8_HIGH,74849.79,42788.66,M506,0.0,0.0,0,0
2707,CASH_IN,2513.55,C33_HIGH,71200.86,6824.03,M786,0.0,0.0,0,0
2710,PAYMENT,4852.74,C47_HIGH,7755.48,27421.43,M348,0.0,0.0,0,0
2713,PAYMENT,1411.16,C101_LOW,82222.24,42078.13,M274,0.0,0.0,0,0
2714,TRANSFER,1014.15,C128_LOW,30120.32,26732.69,M500,0.0,1014.15,0,0
2715,CASH_IN,6717.21,C165_LOW,2109.85,13662.61,M551,0.0,0.0,0,0
2717,CASH_OUT,2174.56,C159_LOW,4410.04,33752.21,M321,0.0,2174.56,0,0
2719,CASH_IN,8366.65,C6_HIGH,81339.67,32050.61,M833,0.0,0.0,0,0
2722,CASH_IN,3912.28,C182_LOW,31524.1,2620.76,M104,0.0,0.0,0,0
2723,PAYMENT,7673.47,C13_HIGH,92953.23,18732.24,M344,0.0,0.0,0,0
2724,CASH_IN,170.22,C42_HIGH,3766.47,728.0,M940,0.0,0.0,0,0
2725,CASH_IN,2213.47,C16_HIGH,88346.32,39846.21,M950,0.0,0.0,0,0
2728,CASH_OUT,7242.87,C43_HIGH,5357.24,25625.01,M935,0.0,7242.87,0,0
2730,DEBIT,5624.92,C42_HIGH,19765.21,10355.97,M654,0.0,0.0,0,0
2732,PAYMENT,1216.83,C43_HIGH,22164.22,17828.82,M277,0.0,0.0,0,0
2733,PAYMENT,6543.39,C182_LOW,2186.16,10638.4,M325,0.0,0.0,0,0
2734,DEBIT,6502.95,C40_HIGH,37529.02,3366.56,M323,0.0,0.0,0,0
2736,DEBIT,7677.78,C66_LOW,50458.03,49523.71,M829,0.0,0.0,0,0
2739,TRANSFER,1722.88,C87_LOW,95944.44,29993.36,M746,0.0,1722.88,0,0
2742,PAYMENT,6782.23,C0_HIGH,97264.32,34686.04,M440,0.0,0.0,0,0
2743,DEBIT,9780.44,C130_LOW,66970.69,3375.67,M118,0.0,0.0,0,0
2746,TRANSFER,4494.63,C11_HIGH,51591.59,37090.7,M615,0.0,4494.63,0,0
2749,CASH_IN,2333.73,C25_HIGH,62018.52,44838.97,M416,0.0,0.0,0,0
2750,PAYMENT,7574.88,C5_HIGH,62356.86,2996.15,M483,0.0,0.0,0,0
2752,DEBIT,2028.1,C98_LOW,38199.05,32101.94,M343,0.0,0.0,0,0
2755,TRANSFER,9885.63,C140_LOW,44928.89,43866.6,M237,0.0,9885.63,0,0
2757,DEBIT,6439.58,C38_HIGH,76288.89,26043.64,M524,0.0,0.0,0,0
2760,DEBIT,7508.0,C41_HIGH,23671.99,36643.66,M450,0.0,0.0,0,0
2761,CASH_OUT,5397.72,C36_LOW,90756.57,33250.3,M354,0.0,5397.72,0,0
2764,CASH_OUT,6084.55,C4_HIGH,38767.11,16081.85,M552,0.0,6084.55,0,0
2767,CASH_IN,655.52,C35_HIGH,49672.59,47683.06,M153,0.0,0.0,0,0
2770,CASH_OUT,9383.36,C48_HIGH,13430.54,8683.79,M662,0.0,9383.36,0,0
2771,CASH_OUT,5079.17,C28_HIGH,43197.74,23353.71,M268,0.0,5079.17,0,0
2774,CASH_OUT,2456.8,C39_HIGH,18467.11,12448.47,M392,0.0,2456.8,0,0
2777,PAYMENT,9677.58,C192_LOW,20938.7,43121.28,M592,0.0,0.0,0,0
2778,DEBIT,3988.46,C39_HIGH,17608.84,22068.8,M617,0.0,0.0,0,0
2781,PAYMENT,7605.64,C40_HIGH,82140.78,39677.93,M120,0.0,0.0,0,0
2783,PAYMENT,8541.88,C18_HIGH,76126.97,46076.62,M709,0.0,0.0,0,0
2786,CASH_OUT,5532.99,C170_LOW,18394.23,19022.51,M413,0.0,5532.99,0,0
2788,DEBIT,3757.72,C46_HIGH,60996.51,3596.98,M239,0.0,0.0,0,0
2791,PAYMENT,1965.2,C65_LOW,91697.06,209.03,M982,0.0,0.0,0,0
2794,DEBIT,4919.62,C26_HIGH,92643.42,47014.25,M860,0.0,0.0,0,0
2796,PAYMENT,4900.62,C13_HIGH,64463.82,29415.45,M518,0.0,0.0,0,0
2797,CASH_IN,3854.41,C19_HIGH,56995.25,9711.41,M546,0.0,0.0,0,0
2799,DEBIT,5100.99,C6_LOW,49373.56,34424.47,M813,0.0,0.0,0,0
2800,PAYMENT,9265.92,C119_LOW,73830.76,12117.64,M135,0.0,0.0,0,0
2802,CASH_IN,6977.74,C1_HIGH,64888.02,13066.53,M566,0.0,0.0,0,0
2805,CASH_OUT,2550.34,C59_LOW,60612.78,47588.91,M961,0.0,2550.34,0,0
2806,CASH_IN,1176.14,C190_LOW,10138.27,35580.47,M493,0.0,0.0,0,0
2808,TRANSFER,9741.71,C130_LOW,8954.48,45497.46,M997,0.0,9741.71,0,0
2810,CASH_OUT,8299.2,C7_HIGH,26034.25,15110.98,M645,0.0,8299.2,0,0
2813,PAYMENT,5864.94,C149_LOW,73659.41,37623.11,M845,0.0,0.0,0,0
2814,CASH_IN,6365.44,C4_HIGH,77892.42,17219.64,M246,0.0,0.0,0,0
2816,CASH_OUT,9300.87,C32_LOW,40399.05,15405.02,M272,0.0,9300.87,0,0
2818,CASH_IN,977.74,C34_LOW,77600.62,20891.98,M526,0.0,0.0,0,0
2821,DEBIT,7333.09,C26_HIGH,17892.79,18732.57,M820,0.0,0.0,0,0
2822,CASH_OUT,4869.85,C47_HIGH,50758.76,5511.91,M680,0.0,4869.85,0,0
2823,CASH_OUT,2017.4,C41_HIGH,75241.66,40458.93,M296,0.0,2017.4,0,0
2825,PAYMENT,4412.9,C11_HIGH,91384.17,5459.77,M751,0.0,0.0,0,0
2826,CASH_IN,2938.32,C15_HIGH,38395.13,13838.11,M450,0.0,0.0,0,0
2827,TRANSFER,2355.45,C64_LOW,49034.24,38026.68,M109,0.0,2355.45,0,0
2828,DEBIT,7520.47,C9_LOW,1715.44,29122.27,M142,0.0,0.0,0,0
2829,CASH_OUT,5228.12,C28_HIGH,1718.93,30149.24,M879,0.0,5228.12,0,0
2831,PAYMENT,4737.59,C116_LOW,34365.97,21472.68,M479,0.0,0.0,0,0
2834,DEBIT,9994.46,C185_LOW,81867.87,47049.55,M781,0.0,0.0,0,0
2836,PAYMENT,6111.98,C9_HIGH,97555.2,43653.87,M925,0.0,0.0,0,0
2837,CASH_IN,4574.62,C35_HIGH,70132.52,36261.01,M242,0.0,0.0,0,0
2838,TRANSFER,1237.72,C7_HIGH,53532.3,47553.1,M869,0.0,1237.72,0,0
2839,DEBIT,4524.66,C1_HIGH,68932.3,43492.65,M627,0.0,0.0,0,0
2841,CASH_OUT,41.26,C13_HIGH,64169.25,47096.89,M429,0.0,41.26,0,0
2842,DEBIT,8735.61,C1_HIGH,96990.16,36790.65,M794,0.0,0.0,0,0
2844,CASH_OUT,6071.56,C28_HIGH,40616.35,30629.62,M183,0.0,6071.56,0,0
2846,PAYMENT,9391.46,C109_LOW,94206.28,23806.1,M774,0.0,0.0,0,0
